Title,Year,Rating,NumVotes,imdbID,Type,Released,Runtime,Genres,Directors,Actors,Country,Metascore,imdbRating,imdbVotes,tomatoMeter,tomatoReviews,tomatoUserMeter,tomatoUserReviews,DVD,poster_path,release_date
"Terminator Genisys","2015","7","55833","tt1340138","Movie","01 Jul 2015","126","Action, Adventure, Sci-Fi","Alan Taylor","Arnold Schwarzenegger, Jason Clarke, Emilia Clarke, Jai Courtney","USA","38","7.0","47,838","27","189","66","62774","N/A","/5JU9ytZJyR3zmClGmVm9q4Geqbd.jpg","2015-07-01"
"Magic Mike XXL","2015","6.3","7824","tt2268016","Movie","01 Jul 2015","115","Comedy, Drama, Music","Gregory Jacobs","Channing Tatum, Elizabeth Banks, Matt Bomer, Amber Heard","USA","N/A","N/A","N/A","64","160","69","22182","N/A","/fJSVYY7dIbdvXLkOSV4iQUyVbkc.jpg","2015-07-01"
"Minions","2015","6.8","31951","tt2293640","Movie","10 Jul 2015","91","Animation, Comedy, Family","Kyle Balda, Pierre Coffin","Sandra Bullock, Jon Hamm, Michael Keaton, Allison Janney","USA","56","6.8","24,312","55","144","64","99472","N/A","/s5uMY8ooGRZOL0oe4sIvnlTsYQO.jpg","2015-07-10"
"Jurassic World","2015","7.4","200214","tt0369610","Movie","12 Jun 2015","124","Action, Adventure, Sci-Fi","Colin Trevorrow","Chris Pratt, Bryce Dallas Howard, Irrfan Khan, Vincent D'Onofrio","USA, China","59","7.4","176,668","71","254","82","174205","N/A","/uXZYawqUsChGSj54wcuBtEdUJbh.jpg","2015-06-12"
"Inside Out","2015","8.7","59260","tt2096673","Movie","19 Jun 2015","94","Animation, Adventure, Comedy","Pete Docter, Ronaldo Del Carmen","Amy Poehler, Phyllis Smith, Richard Kind, Bill Hader","USA","93","8.7","44,496","98","227","91","75663","N/A","/aAmfIX3TT40zUHGcCKrlOZRKC7u.jpg","2015-06-19"
"Ant-Man","2015","8","27206","tt0478970","Movie","17 Jul 2015","117","Action, Sci-Fi","Peyton Reed","Paul Rudd, Michael Douglas, Evangeline Lilly, Corey Stoll","USA","N/A","8.3","1,483","70","33","N/A","98855","N/A","/7SGGUiTE6oc2fh9MjIk5M00dsQd.jpg","2015-07-17"
"Mad Max: Fury Road","2015","8.4","244514","tt1392190","Movie","15 May 2015","120","Action, Adventure, Sci-Fi","George Miller","Tom Hardy, Charlize Theron, Nicholas Hoult, Hugh Keays-Byrne","Australia, USA","89","8.5","226,488","98","277","89","89490","28 Sep 2015","/kqjL17yufvn9OVLyXYpvtyrFfak.jpg","2015-05-15"
"Ted 2","2015","6.8","28341","tt2637276","Movie","26 Jun 2015","115","Comedy","Seth MacFarlane","Mark Wahlberg, Seth MacFarlane, Amanda Seyfried, Jessica Barth","USA","49","7.1","5,979","46","145","65","44451","N/A","/A7HtCxFe7Ms8H7e7o2zawppbuDT.jpg","2015-06-26"
"The Gallows","2015","4.5","2447","tt2309260","Movie","10 Jul 2015","81","Horror, Thriller","Travis Cluff, Chris Lofing","Reese Mishler, Pfeifer Brown, Ryan Shoos, Cassidy Gifford","USA","30","4.6","2,617","N/A","N/A","N/A","3647","N/A","/rCcmr3PqKohsjl7SlsTRZF0WcUF.jpg","2015-07-10"
"Spy","2015","7.4","49862","tt3079380","Movie","05 Jun 2015","120","Action, Comedy, Crime","Paul Feig","Jude Law, Raad Rawi, Melissa McCarthy, Jessica Chaffin","USA","75","7.4","47,668","95","195","84","58861","N/A","/gCBw0AQDhlo0bNetkjsSRWzrxpW.jpg","2015-06-05"
"Kingsman: The Secret Service","2014","7.9","243239","tt2802144","Movie","13 Feb 2015","129","Action, Adventure, Comedy","Matthew Vaughn","Adrian Quinton, Colin Firth, Mark Strong, Jonno Davies","UK","58","7.9","215,068","74","189","85","112251","09 Jun 2015","/8x7ej0LnHdKUqilNNJXYOeyB6L9.jpg","2015-02-13"
"The Longest Ride","2015","7.2","15712","tt2726560","Movie","10 Apr 2015","139","Drama, Romance","George Tillman Jr.","Britt Robertson, Scott Eastwood, Alan Alda, Jack Huston","USA","33","7.2","16,436","30","103","75","26026","14 Jul 2015","/9oduon4a0w5a398r2o1M28s3upC.jpg","2015-04-10"
"Insurgent","2015","6.6","60651","tt2908446","Movie","20 Mar 2015","119","Adventure, Sci-Fi, Thriller","Robert Schwentke","Kate Winslet, Jai Courtney, Mekhi Phifer, Shailene Woodley","USA","42","6.9","47,336","30","162","66","66805","04 Aug 2015","/aBBQSC8ZECGn6Wh92gKDOakSC8p.jpg","2015-03-20"
"The Terminator","1984","8.1","522635","tt0088247","Movie","26 Oct 1984","107","Action, Sci-Fi","James Cameron","Arnold Schwarzenegger, Michael Biehn, Linda Hamilton, Paul Winfield","UK, USA","84","8.1","516,364","100","53","88","770626","03 Sep 1997","/q8ffBuxQlYOHrvPniLgCbmKK4Lv.jpg","1984-10-26"
"Self/less","2015","6.5","1888","tt2140379","Movie","10 Jul 2015","116","Mystery, Sci-Fi, Thriller","Tarsem Singh","Ryan Reynolds, Matthew Goode, Ben Kingsley, Natalie Martinez","USA","N/A","N/A","N/A","23","111","56","18033","N/A","/yf8DGTA7K4WAfMm5UwzPsvNKH9C.jpg","2015-07-10"
"Avengers: Age of Ultron","2015","7.9","244047","tt2395427","Movie","01 May 2015","141","Action, Adventure, Sci-Fi","Joss Whedon","Robert Downey Jr., Chris Hemsworth, Mark Ruffalo, Chris Evans","USA","66","7.9","235,665","74","271","87","261557","N/A","/t90Y3G8UGQp0f0DrP60wRu9gfrH.jpg","2015-05-01"
"Staten Island Summer","2015","5.7","348","tt3137764","Movie","30 Jun 2015","108","Comedy","Rhys Thomas","Ashley Greene, Brett Azar, Kate McKinnon, Kate Walsh","USA","N/A","5.7","315","N/A","N/A","N/A","6","N/A","/5FJwZBSEz97dYn2fTbb9YrVlQP5.jpg","2015-07-30"
"Independence Day","1996","6.9","385520","tt0116629","Movie","03 Jul 1996","145","Action, Adventure, Sci-Fi","Roland Emmerich","Will Smith, Bill Pullman, Jeff Goldblum, Mary McDonnell","USA","59","6.9","382,940","60","57","75","974367","27 Jun 2000","/cf3cmVa1zrmfQoltnezvsniNnoX.jpg","1996-06-25"
"Bahubali: The Beginning","2015","9.3","30872","tt2631186","Movie","09 Jul 2015","159","Action, Adventure, History","S.S. Rajamouli","Prabhas, Rana Daggubati, Anushka Shetty, Tamannaah Bhatia","India","N/A","9.4","8,425","N/A","N/A","N/A","N/A","N/A","/hNMtfc5YUWTSrRURB3Pmh2IMMax.jpg","2015-07-10"
"Magic Mike","2012","6.1","94630","tt1915581","Movie","29 Jun 2012","110","Comedy, Drama","Steven Soderbergh","Matthew McConaughey, Channing Tatum, Olivia Munn, Alex Pettyfer","USA","72","6.1","92,534","80","192","61","143056","23 Oct 2012","/yHMWb5lpvCzKuxnEPd3OXq7OvMh.jpg","2012-06-29"
"Jupiter Ascending","2015","5.5","96379","tt1617661","Movie","06 Feb 2015","127","Action, Adventure, Sci-Fi","Andy Wachowski, Lana Wachowski","Mila Kunis, Channing Tatum, Sean Bean, Eddie Redmayne","USA, UK","40","5.5","89,053","25","205","42","90869","02 Jun 2015","/aMEsvTUklw0uZ3gk3Q6lAj6302a.jpg","2015-02-27"
"Southpaw","2015","8.4","1347","tt1798684","Movie","24 Jul 2015","123","Action, Drama, Sport","Antoine Fuqua","Rachel McAdams, Jake Gyllenhaal, Forest Whitaker, Naomie Harris","USA","57","8.8","537","N/A","N/A","N/A","N/A","N/A","/qFC07nj9lWWmnbkS191AgFUth9J.jpg","2015-07-24"
"Trainwreck","2015","6.9","4601","tt3152624","Movie","17 Jul 2015","125","Comedy","Judd Apatow","Colin Quinn, Devin Fabry, Carla Oudin, Amy Schumer","USA","75","6.9","4,545","89","75","N/A","25343","N/A","/2USk7mhiCXRkU9NzttXCzOjg2iV.jpg","2015-07-17"
"Queen of the Desert","2015","6.5","376","tt1837636","Movie","N/A","128","Biography, Drama","Werner Herzog","Nicole Kidman, James Franco, Robert Pattinson, Damian Lewis","USA, Morocco","38","6.5","355","0","9","N/A","155","N/A","/g5F1dS7E6qJIeRUeB5uR6DNvkT7.jpg","2015-11-20"
"Jurassic Park","1993","8.1","513782","tt0107290","Movie","11 Jun 1993","127","Adventure, Sci-Fi, Thriller","Steven Spielberg","Sam Neill, Laura Dern, Jeff Goldblum, Richard Attenborough","USA","68","8.1","504,698","93","115","91","1063557","10 Oct 2000","/c414cDeQ9b6qLPLeKmiJuLDUREJ.jpg","1993-06-08"
"Terminator 2: Judgment Day","1991","8.5","653079","tt0103064","Movie","03 Jul 1991","137","Action, Sci-Fi","James Cameron","Arnold Schwarzenegger, Linda Hamilton, Edward Furlong, Robert Patrick","USA, France","68","8.5","645,385","93","67","94","743998","31 Mar 1998","/2y4dmgWYRMYXdD1UyJVcn2HSd1D.jpg","1991-07-01"
"San Andreas","2015","6.5","42452","tt2126355","Movie","29 May 2015","114","Action, Drama, Thriller","Brad Peyton","Dwayne Johnson, Carla Gugino, Alexandra Daddario, Ioan Gruffudd","USA, Australia","43","6.6","37,953","50","187","60","48130","N/A","/6iQ4CMtYorKFfAmXEpAQZMnA0Qe.jpg","2015-05-29"
"Ex Machina","2015","7.8","128898","tt0470752","Movie","24 Apr 2015","108","Drama, Sci-Fi","Alex Garland","Domhnall Gleeson, Corey Johnson, Oscar Isaac, Alicia Vikander","UK","78","7.8","114,617","92","201","87","51411","14 Jul 2015","/btbRB7BrD887j5NrvjxceRDmaot.jpg","2015-01-21"
"Gone Girl","2014","8.2","430742","tt2267998","Movie","03 Oct 2014","149","Drama, Mystery, Thriller","David Fincher","Ben Affleck, Rosamund Pike, Neil Patrick Harris, Tyler Perry","USA","79","8.2","420,917","88","283","87","120366","13 Jan 2015","/gdiLTof3rbPDAmPaCf4g6op46bj.jpg","2014-10-03"
"Guardians of the Galaxy","2014","8.1","517159","tt2015381","Movie","01 Aug 2014","121","Action, Adventure, Sci-Fi","James Gunn","Chris Pratt, Zoe Saldana, Dave Bautista, Vin Diesel","USA, UK","76","8.1","503,909","91","260","93","240352","09 Dec 2014","/9gm3lL8JMTTmc3W4BmNMCuRLdL8.jpg","2014-08-01"
"Focus","2015","6.6","87392","tt2381941","Movie","27 Feb 2015","105","Comedy, Crime, Drama","Glenn Ficarra, John Requa","Will Smith, Margot Robbie, Adrian Martinez, Gerald McRaney","USA, Argentina","56","6.6","85,703","56","181","55","41101","02 Jun 2015","/9IElGiLkxPLUWZ3avy31bNSG3Tq.jpg","2015-02-27"
"Maggie","2015","5.6","15123","tt1881002","Movie","08 May 2015","95","Drama, Horror, Thriller","Henry Hobson","Arnold Schwarzenegger, Abigail Breslin, Joely Richardson, Douglas M. Griffin","USA, Switzerland","52","5.7","12,155","51","86","36","7584","07 Jul 2015","/mFt7Oo3pf8f1BZAdWLyUpYM63aT.jpg","2015-05-08"
"Fifty Shades of Grey","2015","4.2","172756","tt2322441","Movie","13 Feb 2015","125","Drama, Romance","Sam Taylor-Johnson","Dakota Johnson, Jamie Dornan, Jennifer Ehle, Eloise Mumford","USA","46","4.2","167,612","N/A","N/A","N/A","N/A","N/A","/jV8wnk3Jgz6f7degmT3lHNGI2tK.jpg","2015-02-13"
"Paper Towns","2015","7.1","1403","tt3622592","Movie","24 Jul 2015","N/A","Drama, Mystery, Romance","Jake Schreier","Cara Delevingne, Nat Wolff, Halston Sage, Cara Buono","USA","N/A","7.7","310","N/A","N/A","N/A","13999","N/A","/2VOgrwZwoOSCEmRJr4aMM2N4ZzS.jpg","2015-07-24"
"Terminator Salvation","2009","6.7","260196","tt0438488","Movie","21 May 2009","115","Action, Sci-Fi","McG","Christian Bale, Sam Worthington, Moon Bloodgood, Helena Bonham Carter","USA, Germany, UK, Italy","52","6.7","256,064","33","267","54","882999","01 Dec 2009","/hxDfhavtxA2Ayx7O9BsQMcZRdG0.jpg","2009-05-20"
"Chappie","2015","7","108666","tt1823672","Movie","06 Mar 2015","120","Action, Crime, Sci-Fi","Neill Blomkamp","Sharlto Copley, Dev Patel, Ninja, Yo-Landi Visser","USA, Mexico","41","7.0","109,242","31","180","59","43852","16 Jun 2015","/saF3HtAduvrP9ytXDxSnQJP3oqx.jpg","2015-03-06"
"Interstellar","2014","8.7","674072","tt0816692","Movie","07 Nov 2014","169","Adventure, Drama, Sci-Fi","Christopher Nolan","Ellen Burstyn, Matthew McConaughey, Mackenzie Foy, John Lithgow","USA, UK, Canada","74","8.7","671,963","72","288","85","160917","31 Mar 2015","/nBNZadXqJSdt05SHLqgT0HuC5Gm.jpg","2014-11-05"
"Max","2015","7.1","3434","tt3369806","Movie","26 Jun 2015","111","Adventure, Family","Boaz Yakin","Thomas Haden Church, Josh Wiggins, Luke Kleintank, Lauren Graham","USA","47","7.3","1,645","38","68","75","14848","29 Sep 2015","/cSxwDtVlVa15e9KZgdE9sPNM8qj.jpg","2015-06-26"
"Dope","2015","7.6","4047","tt3850214","Movie","19 Jun 2015","103","Comedy, Crime, Drama","Rick Famuyiwa","Rakim Mayers, Blake Anderson, Bruce Beatty, De'aundre Bonds","USA","72","7.5","2,160","89","103","86","13818","N/A","/oZ6tXopDrgfzuJZgmO1SFP69nFm.jpg","2015-06-19"
"Insidious: Chapter 3","2015","6.4","20299","tt3195644","Movie","05 Jun 2015","97","Drama, Horror, Thriller","Leigh Whannell","Dermot Mulroney, Stefanie Scott, Angus Sampson, Leigh Whannell","Canada, USA","52","6.4","20,814","59","91","58","26234","N/A","/ixANIbPRTNMAstlqJa2FlfBesyQ.jpg","2015-06-05"
"Me and Earl and the Dying Girl","2015","8.3","4208","tt2582496","Movie","12 Jun 2015","105","Comedy, Drama","Alfonso Gomez-Rejon","Thomas Mann, RJ Cyler, Olivia Cooke, Nick Offerman","USA","74","8.3","3,619","82","110","90","10880","N/A","/e4OMCk0A3IcCtTFuYvDcehnrh8w.jpg","2015-06-12"
"Cinderella","2015","7.2","57327","tt1661199","Movie","13 Mar 2015","105","Drama, Family, Fantasy","Kenneth Branagh","Cate Blanchett, Lily James, Richard Madden, Helena Bonham Carter","USA, UK","67","7.2","54,126","85","194","81","66338","N/A","/2i0JH5WqYFqki7WDhUW56Sg0obh.jpg","2015-03-13"
"Get Hard","2015","6.1","38616","tt2561572","Movie","27 Mar 2015","100","Comedy","Etan Cohen","Will Ferrell, Kevin Hart, Craig T. Nelson, Alison Brie","USA","34","6.1","31,875","29","153","50","47537","30 Jun 2015","/qRzUSrN4p6B7fzA5XGm4ebFg3co.jpg","2015-03-27"
"Terminator 3: Rise of the Machines","2003","6.4","272914","tt0181852","Movie","02 Jul 2003","109","Action, Sci-Fi","Jonathan Mostow","Arnold Schwarzenegger, Nick Stahl, Claire Danes, Kristanna Loken","USA, Germany, UK","66","6.4","268,646","70","201","47","439376","11 Nov 2003","/lz4xYdF1n09lyiCfZWtWT44SZiG.jpg","2003-06-30"
"Furious Seven","2015","7.6","182756","tt2820852","Movie","03 Apr 2015","137","Action, Crime, Thriller","James Wan","Vin Diesel, Paul Walker, Jason Statham, Michelle Rodriguez","USA, Japan","67","7.6","175,779","81","204","85","183620","N/A","/dCgm7efXDmiABSdWDHBDBx2jwmn.jpg","2015-04-03"
"Home","2015","6.7","30668","tt2224026","Movie","27 Mar 2015","94","Animation, Adventure, Comedy","Tim Johnson","Jim Parsons, Rihanna, Steve Martin, Jennifer Lopez","USA","55","6.8","22,386","46","105","66","45718","28 Jul 2015","/ieg4Mm9cqTkozxpM87ewTx5vaok.jpg","2015-03-27"
"Woman in Gold","2015","7.4","12371","tt2404425","Movie","10 Apr 2015","109","Drama","Simon Curtis","Helen Mirren, Ryan Reynolds, Daniel Brühl, Katie Holmes","USA, UK","51","7.4","11,822","53","120","83","14376","07 Jul 2015","/mNg0HRIhJyPgKo3NoxD3rfw061O.jpg","2015-04-10"
"The Book of Life","2014","7.3","32530","tt2262227","Movie","17 Oct 2014","95","Animation, Adventure, Comedy","Jorge R. Gutiérrez","Diego Luna, Zoe Saldana, Channing Tatum, Ron Perlman","USA","67","7.3","32,426","82","106","78","46837","27 Jan 2015","/5B4lKHSQAtT1FSEfbjJkQ8ylxAY.jpg","2014-10-17"
"Pitch Perfect 2","2015","6.9","40784","tt2848292","Movie","15 May 2015","115","Comedy, Music","Elizabeth Banks","Anna Kendrick, Rebel Wilson, Hailee Steinfeld, Brittany Snow","USA","63","6.9","39,803","65","152","70","66428","N/A","/qSjruLiFB4uqRtz2xheQPxG8uaB.jpg","2015-05-15"
"Can't Buy Me Love","1987","6.7","21145","tt0092718","Movie","14 Aug 1987","94","Comedy, Drama, Romance","Steve Rash","Patrick Dempsey, Amanda Peterson, Courtney Gains, Tina Caspary","USA","N/A","6.7","21,186","48","21","75","47788","13 Aug 2002","/geOwlE0QhYQoIt3JiGzNOPeZ64G.jpg","1987-08-14"
"Entourage","2015","7.4","15643","tt1674771","Movie","03 Jun 2015","104","Comedy","Doug Ellin","Kevin Connolly, Adrian Grenier, Kevin Dillon, Jerry Ferrara","USA","38","7.4","11,389","31","157","73","25928","N/A","/lR4dwcfgCBMklKjiQXuFzRM3gfl.jpg","2015-06-03"
"It Follows","2014","7","51597","tt3235888","Movie","27 Mar 2015","100","Horror, Mystery, Thriller","David Robert Mitchell","Keir Gilchrist, Carollette Phillips, Loren Bass, Olivia Luccardi","USA","83","7.0","48,554","96","167","66","29576","14 Jul 2015","/4MrwJZr0R9LbyOgZqwLNmtzzxbu.jpg","2014-05-17"
"Tom at the Farm","2013","7","6149","tt2427892","Movie","14 Aug 2015","102","Drama, Thriller","Xavier Dolan","Xavier Dolan, Pierre-Yves Cardinal, Lise Roy, Evelyne Brochu","Canada, France","71","7.0","6,171","81","36","N/A","888","N/A","/bJ7Fb6NPGkyDRtJsAgbe6BZAafW.jpg","2013-09-02"
"Strangerland","2015","5.5","1505","tt2325977","Movie","10 Jul 2015","112","Drama, Thriller","Kim Farrant","Nicole Kidman, Hugo Weaving, Joseph Fiennes, Sean Keenan","Australia, Ireland","N/A","7.1","243","44","16","N/A","126","17 Aug 2015","/cSGg9nvkB7djAUUNxk94gF0g6h4.jpg","2015-07-10"
"The DUFF","2015","6.6","28213","tt1666801","Movie","20 Feb 2015","101","Comedy","Ari Sandel","Mae Whitman, Robbie Amell, Bella Thorne, Bianca A. Santos","USA","56","6.6","26,218","72","100","69","33475","09 Jun 2015","/dBBgPTCN5Zze4POXWVVpwf3wkra.jpg","2015-02-19"
"Whiplash","2014","8.6","254714","tt2582802","Movie","15 Oct 2014","107","Drama, Music","Damien Chazelle","Miles Teller, J.K. Simmons, Paul Reiser, Melissa Benoist","USA","88","8.6","244,998","94","244","95","59229","24 Feb 2015","/lIv1QinFqz4dlp5U4lQ6HaiskOZ.jpg","2014-10-10"
"Return to Sender","2015","5.1","1968","tt2948790","Movie","14 Aug 2015","95","Thriller","Fouad Mikati","Rosamund Pike, Shiloh Fernandez, Nick Nolte, Camryn Manheim","USA","N/A","5.1","1,602","10","10","N/A","293","N/A","/h5QTYxVFefHYbRsByNvsrjp5uyX.jpg","2015-05-31"
"Dragon Blade","2015","6.3","5101","tt3672840","Movie","04 Sep 2015","127","Action, Adventure, Drama","Daniel Lee","John Cusack, Jackie Chan, Adrien Brody, Sharni Vinson","China","N/A","6.4","3,793","N/A","N/A","N/A","440","N/A","/3gl11EsZS5vboQvvMYeCIzitaJz.jpg","2015-02-19"
"Fury","2014","7.6","233756","tt2713180","Movie","17 Oct 2014","134","Action, Drama, War","David Ayer","Brad Pitt, Shia LaBeouf, Logan Lerman, Michael Peña","USA, China, UK","64","7.6","227,409","77","223","85","103000","27 Jan 2015","/il9XWx5CbNd2KdDUwrcClEZiLkv.jpg","2014-10-17"
"John Wick","2014","7.2","177124","tt2911666","Movie","24 Oct 2014","101","Action, Thriller","Chad Stahelski, David Leitch","Keanu Reeves, Michael Nyqvist, Alfie Allen, Willem Dafoe","USA","68","7.2","173,486","85","177","80","69747","03 Feb 2015","/sq2MmFv9sanl9PFMfbdaBLveSJ8.jpg","2014-10-24"
"The Green Inferno","2013","5.8","1205","tt2403021","Movie","25 Sep 2015","100","Adventure, Horror","Eli Roth","Lorenza Izzo, Ariel Levy, Aaron Burns, Kirby Bliss Blanton","USA, Chile","N/A","5.8","1,196","63","16","N/A","5678","N/A","/prG32jWEgiZ2N8BpBPu1G0jMiv2.jpg","2015-09-25"
"American Sniper","2014","7.4","236561","tt2179136","Movie","16 Jan 2015","133","Action, Biography, Drama","Clint Eastwood","Bradley Cooper, Kyle Gallner, Cole Konis, Ben Reed","USA","72","7.4","237,128","73","240","85","145716","19 May 2015","/svPHnYE7N5NAGO49dBmRhq0vDQ3.jpg","2014-12-25"
"Transformers: Age of Extinction","2014","5.8","209497","tt2109248","Movie","27 Jun 2014","165","Action, Adventure, Sci-Fi","Michael Bay","Mark Wahlberg, Stanley Tucci, Kelsey Grammer, Nicola Peltz","USA, China","32","5.8","209,845","18","180","52","221858","30 Sep 2014","/6rtXH8cIZbgwLy8EvaXGucwdep5.jpg","2014-06-27"
"Divergent","2014","6.8","279467","tt1840309","Movie","21 Mar 2014","139","Adventure, Sci-Fi, Thriller","Neil Burger","Shailene Woodley, Theo James, Ashley Judd, Jai Courtney","USA","48","6.8","274,401","40","198","70","136070","04 Aug 2014","/yTtx2ciqk4XdN1oKhMMDy3f5ue3.jpg","2014-03-21"
"X-Men: Days of Future Past","2014","8.1","420243","tt1877832","Movie","23 May 2014","132","Action, Adventure, Sci-Fi","Bryan Singer","Hugh Jackman, James McAvoy, Michael Fassbender, Jennifer Lawrence","USA, UK","74","8.1","412,947","91","270","92","270257","14 Oct 2014","/qKkFk9HELmABpcPoc1HHZGIxQ5a.jpg","2014-05-23"
"Watchmen","2009","7.6","348929","tt0409459","Movie","06 Mar 2009","162","Action, Mystery, Sci-Fi","Zack Snyder","Malin Akerman, Billy Crudup, Matthew Goode, Jackie Earle Haley","USA","56","7.6","347,083","65","294","70","1052791","21 Jul 2009","/jXggcKzlyxj7yMBUIsqwiaaEtD5.jpg","2009-03-05"
"The Age of Adaline","2015","7.3","32186","tt1655441","Movie","24 Apr 2015","112","Drama, Romance","Lee Toland Krieger","Blake Lively, Michiel Huisman, Harrison Ford, Ellen Burstyn","USA","51","7.3","26,954","54","125","69","31638","08 Sep 2015","/gEDGROZ4NQDlRjUPPSSyIf0hKvD.jpg","2015-04-24"
"Tomorrowland","2015","6.7","39070","tt1964418","Movie","22 May 2015","130","Action, Adventure, Family","Brad Bird","George Clooney, Hugh Laurie, Britt Robertson, Raffey Cassidy","USA, Spain","60","6.7","38,722","50","214","55","76987","N/A","/69Cz9VNQZy39fUE2g0Ggth6SBTM.jpg","2015-05-22"
"The Shawshank Redemption","1994","9.3","1487673","tt0111161","Movie","14 Oct 1994","142","Crime, Drama","Frank Darabont","Tim Robbins, Morgan Freeman, Bob Gunton, William Sadler","USA","80","9.3","1,482,665","91","65","98","878228","27 Jan 1998","/9O7gLzmreU0nGkIB6K3BsJbzvNv.jpg","1994-09-14"
"Youth","2015","7.4","1640","tt3312830","Movie","04 Dec 2015","118","Drama","Paolo Sorrentino","Michael Caine, Harvey Keitel, Rachel Weisz, Paul Dano","Italy, France, Switzerland, UK","78","7.4","1,496","N/A","N/A","N/A","106","N/A","/u0hFEOTe0C3M4nk1b7MiYnvlTJu.jpg","2015-12-04"
"The Gunman","2015","5.7","12702","tt2515034","Movie","20 Mar 2015","115","Action, Crime, Drama","Pierre Morel","Sean Penn, Jasmine Trinca, Javier Bardem, Ray Winstone","USA, Spain, UK, France","39","5.7","8,480","17","144","34","11954","30 Jun 2015","/luXBGFR9SKjQWJh0bardHLNDpT5.jpg","2015-02-16"
"The Dark Knight","2008","9","1461083","tt0468569","Movie","18 Jul 2008","152","Action, Crime, Drama","Christopher Nolan","Christian Bale, Heath Ledger, Aaron Eckhart, Michael Caine","USA, UK","82","9.0","1,451,699","94","315","94","1817237","09 Dec 2008","/1hRoyzDtpgMU7Dz4JF22RANzQO7.jpg","2008-07-18"
"Big Hero 6","2014","7.9","190341","tt2245084","Movie","07 Nov 2014","102","Animation, Action, Adventure","Don Hall, Chris Williams","Scott Adsit, Ryan Potter, Daniel Henney, T.J. Miller","USA","74","7.9","188,464","89","186","91","120733","24 Feb 2015","/3zQvuSAUdC3mrx9vnSEpkFX0968.jpg","2014-11-07"
"Poltergeist","2015","5","18170","tt1029360","Movie","22 May 2015","93","Horror, Thriller","Gil Kenan","Sam Rockwell, Rosemarie DeWitt, Saxon Sharbino, Kyle Catlett","USA, Canada","47","5.1","11,835","33","101","25","33222","N/A","/fWOPN0XBvHXFYr3RsPr74qBge2I.jpg","2015-05-22"
"Despicable Me","2010","7.7","330247","tt1323594","Movie","09 Jul 2010","95","Animation, Comedy, Family","Pierre Coffin, Chris Renaud","Steve Carell, Jason Segel, Russell Brand, Julie Andrews","USA","72","7.7","325,292","81","192","82","263708","14 Dec 2010","/4zHJhBSY4kNZXfhTlmy2TzXD51M.jpg","2010-07-09"
"The Wolf of Wall Street","2013","8.2","615980","tt0993846","Movie","25 Dec 2013","180","Biography, Comedy, Crime","Martin Scorsese","Leonardo DiCaprio, Jonah Hill, Margot Robbie, Matthew McConaughey","USA","75","8.2","617,034","77","248","82","174320","25 Mar 2014","/wAgdJRx4uZ0u4uzu34NOMvtjLAR.jpg","2013-12-25"
"Run All Night","2015","6.6","41745","tt2199571","Movie","13 Mar 2015","114","Action, Crime, Drama","Jaume Collet-Serra","Liam Neeson, Ed Harris, Joel Kinnaman, Boyd Holbrook","USA","59","6.7","35,014","60","154","60","17692","16 Jun 2015","/aqNJrAxudMRNo8jg3HOUQqdl2xr.jpg","2015-03-13"
"Dark Places","2015","6.5","1698","tt2402101","Movie","18 Jun 2015","113","Drama, Mystery, Thriller","Gilles Paquet-Brenner","Charlize Theron, Sterling Jerins, Nicholas Hoult, Christina Hendricks","UK, France, USA","57","6.5","1,697","45","11","N/A","1709","N/A","/1z7Bxnxi1lgO0ksc6peI4UssEPf.jpg","2015-08-07"
"The Dark Knight Rises","2012","8.5","988641","tt1345836","Movie","20 Jul 2012","165","Action, Thriller","Christopher Nolan","Christian Bale, Gary Oldman, Tom Hardy, Joseph Gordon-Levitt","USA, UK","78","8.5","989,666","87","312","90","1202615","03 Dec 2012","/dEYnvnUfXrqvqeRSqvIEtmzhoA8.jpg","2012-07-20"
"Mr. Holmes","2015","7.6","3268","tt3168230","Movie","17 Jul 2015","104","Crime, Drama, Mystery","Bill Condon","Ian McKellen, Laura Linney, Milo Parker, Hiroyuki Sanada","UK, USA","66","7.7","2,528","86","114","75","11943","N/A","/38lzx3LcDn1FgcmpHdncXnrN705.jpg","2015-07-17"
"While We're Young","2014","6.4","12978","tt1791682","Movie","27 Mar 2015","97","Comedy, Drama","Noah Baumbach","Naomi Watts, Ben Stiller, Maria Dizzia, Adam Horovitz","USA","76","6.4","13,354","84","158","56","16840","30 Jun 2015","/r1kMa31JOk32LmDHxw1eJhFUw6i.jpg","2015-03-27"
"Wet Hot American Summer","2001","6.7","26330","tt0243655","Movie","11 Apr 2002","97","Comedy, Romance","David Wain","Janeane Garofalo, David Hyde Pierce, Michael Showalter, Marguerite Moreau","USA","42","6.7","25,922","31","67","80","37983","08 Jan 2002","/2GJtnEoG4KrmC2XKoaicPAPAp04.jpg","2001-07-27"
"Teen Beach 2","2015","6.7","797","tt3764966","TV Movie","26 Jun 2015","104","Family, Musical","Jeffrey Hornaday","Grace Phipps, Maia Mitchell, Ross Lynch, Garrett Clayton","USA","N/A","6.7","797","N/A","N/A","N/A","N/A","N/A","/ocg82O2n1w4LevDltupHARCbGy2.jpg","2015-06-26"
"Ted","2012","7","421117","tt1637725","Movie","29 Jun 2012","106","Comedy, Fantasy","Seth MacFarlane","Mark Wahlberg, Mila Kunis, Seth MacFarlane, Joel McHale","USA","62","7.0","417,549","67","203","74","372381","11 Dec 2012","/5ExgYTRafm4kFRwHp2jH6C23Yl4.jpg","2012-06-29"
"The Imitation Game","2014","8.1","310918","tt2084970","Movie","25 Dec 2014","114","Biography, Drama, Thriller","Morten Tyldum","Benedict Cumberbatch, Keira Knightley, Matthew Goode, Rory Kinnear","UK, USA","73","8.1","300,041","89","229","92","95775","31 Mar 2015","/noUp0XOqIcmgefRnRZa1nhtRvWO.jpg","2014-11-14"
"Last Knights","2015","6.2","14967","tt2493486","Movie","03 Apr 2015","115","Action, Adventure","Kazuaki Kiriya","Clive Owen, Morgan Freeman, Aksel Hennie, Daniel Adegboyega","Czech Republic, South Korea","27","6.2","14,270","16","25","43","2061","30 Jun 2015","/zDLAUGSQvpqO0FeFXee1Gmxp7es.jpg","2014-04-03"
"Survivor","2015","5.5","10021","tt3247714","Movie","05 Jun 2015","96","Action, Crime, Thriller","James McTeigue","Paddy Wallace, Parker Sawyers, Bashar Rahal, Royce Pierreson","USA, UK","26","5.5","9,041","8","37","32","3025","23 Jun 2015","/XtvR1aSph7X3wqrE2PY66IPzVi.jpg","2015-05-29"
"Jaws","1975","8.1","361423","tt0073195","Movie","20 Jun 1975","124","Adventure, Drama, Thriller","Steven Spielberg","Roy Scheider, Robert Shaw, Richard Dreyfuss, Lorraine Gary","USA","79","8.1","358,412","97","71","90","938839","11 Jul 2000","/l1yltvzILaZcx2jYvc5sEMkM7Eh.jpg","1975-06-19"
"The Lost World: Jurassic Park","1997","6.5","240677","tt0119567","Movie","23 May 1997","129","Action, Adventure, Sci-Fi","Steven Spielberg","Jeff Goldblum, Julianne Moore, Pete Postlethwaite, Arliss Howard","USA","59","6.5","236,867","52","67","51","648482","10 Oct 2000","/u1fXmEQUCI9CjyHCCYOPBSq2DYo.jpg","1997-05-19"
"Boulevard","2014","7.4","456","tt2624412","Movie","10 Jul 2015","88","Drama","Dito Montiel","Robin Williams, Bob Odenkirk, Kathy Baker, Roberto Aguire","USA","52","7.4","452","N/A","N/A","N/A","1201","N/A","/5zunVkroCATmLA3bYxNB1ElzqeS.jpg","2015-07-10"
"Nightcrawler","2014","7.9","211926","tt2872718","Movie","31 Oct 2014","117","Crime, Thriller","Dan Gilroy","Jake Gyllenhaal, Michael Papajohn, Marco Rodríguez, Bill Paxton","USA","76","7.9","207,562","95","224","86","75963","10 Feb 2015","/fukWJhLISH7f6cnYSdgb0JrSP2Q.jpg","2014-10-31"
"Mad Max","1979","7","132082","tt0079501","Movie","12 Apr 1979","88","Action, Adventure, Sci-Fi","George Miller","Mel Gibson, Joanne Samuel, Hugh Keays-Byrne, Steve Bisley","Australia","67","7.0","130,169","89","55","70","139323","19 Nov 1997","/mfmJ0BftkGV5uRkVEsTWM39LRIt.jpg","1979-04-12"
"Predestination","2014","7.4","122599","tt2397535","Movie","09 Jan 2015","97","Drama, Mystery, Sci-Fi","Michael Spierig, Peter Spierig","Ethan Hawke, Sarah Snook, Christopher Kirby, Christopher Sommers","Australia","69","7.4","121,208","84","98","74","19906","10 Feb 2015","/kDdUtDsGMQ3OYwoBtEQyJIGPz4V.jpg","2014-08-28"
"Captain America: The Winter Soldier","2014","7.8","386358","tt1843866","Movie","04 Apr 2014","136","Action, Adventure, Sci-Fi","Anthony Russo, Joe Russo","Chris Evans, Samuel L. Jackson, Scarlett Johansson, Robert Redford","USA","70","7.8","387,095","89","254","92","270427","09 Sep 2014","/5TQ6YDmymBpnF005OyoB7ohZps9.jpg","2014-04-04"
"Man of Steel","2013","7.2","473266","tt0770828","Movie","14 Jun 2013","143","Action, Adventure, Fantasy","Zack Snyder","Henry Cavill, Amy Adams, Michael Shannon, Diane Lane","USA, Canada, UK","55","7.2","469,804","56","289","76","437551","12 Nov 2013","/6HQT7R0tiWGxi7CA1zb58j28OTM.jpg","2013-06-14"
"Project Almanac","2015","6.4","35287","tt2436386","Movie","30 Jan 2015","106","Sci-Fi, Thriller","Dean Israelite","Jonny Weston, Sofia Black-D'Elia, Sam Lerner, Allen Evangelista","USA","47","6.3","32,501","34","82","47","26458","09 Jun 2015","/g3Krq7P7pkgjWpzUDA6lrniiSJ7.jpg","2015-01-30"
"7 Days in Hell","2015","7.3","2754","tt3895884","TV Movie","11 Jul 2015","43","Comedy","Jake Szymanski","Kit Harington, Karen Gillan, Mary Steenburgen, Lena Dunham","USA","N/A","8.5","51","N/A","N/A","N/A","N/A","N/A","/isWRoDiOlB9kX1CGqBmmfJ4djCu.jpg","2015-07-11"
"The Goonies","1985","7.8","159958","tt0089218","Movie","07 Jun 1985","114","Adventure, Comedy, Family","Richard Donner","Sean Astin, Josh Brolin, Jeff Cohen, Corey Feldman","USA","60","7.8","159,274","69","45","91","576830","21 Aug 2001","/bZUbpjwnarSHJK40W9sGpyedWhx.jpg","1985-06-06"
"True Story","2015","6.5","4546","tt2273657","Movie","17 Apr 2015","99","Drama, Mystery, Thriller","Rupert Goold","Jonah Hill, James Franco, Felicity Jones, Maria Dizzia","USA","50","7.1","1,727","47","125","46","16276","04 Aug 2015","/2kJCtB5FPfNH3LDYv2vINrtgCRD.jpg","2015-04-17"
"Slow West","2015","7","8338","tt3205376","Movie","16 Apr 2015","84","Action, Thriller, Western","John Maclean","Kodi Smit-McPhee, Michael Fassbender, Ben Mendelsohn, Aorere Paki","UK, New Zealand","73","7.1","3,806","91","96","77","4917","07 Jul 2015","/4d4rl3MzxC8lkXTq8XBOCZfaYmp.jpg","2015-04-16"
