"position","const","created","modified","description","Title","Title type","Directors","You rated","IMDb Rating","Runtime (mins)","Year","Genres","Num. Votes","Release Date (month/day/year)","URL"
"197","tt1205537","Sat May 31 00:00:00 2014","","","Jack Ryan: Shadow Recruit","Feature Film","Kenneth Branagh","6","6.2","105","2014","action, mystery, thriller","79423","2014-01-15","http://www.imdb.com/title/tt1205537/"
"198","tt2024469","Wed May 28 00:00:00 2014","","","Non-Stop","Feature Film","Jaume Collet-Serra","6","7.0","106","2014","action, mystery, thriller","151090","2014-01-27","http://www.imdb.com/title/tt2024469/"
"199","tt1432944","Tue May 27 00:00:00 2014","","","In One Out","Short Film","Pritchett Cotten","3","","23","2005","drama","0","2005-07-01","http://www.imdb.com/title/tt1432944/"
"200","tt1817287","Mon May 26 00:00:00 2014","","","Is the Man Who Is Tall Happy?: An Animated Conversation with Noam Chomsky","Documentary","Michel Gondry","7","7.1","88","2013","documentary, animation","1725","2013-02-12","http://www.imdb.com/title/tt1817287/"
"201","tt2172934","Mon May 26 00:00:00 2014","","","3 Days to Kill","Feature Film","McG","6","6.2","117","2014","action, drama, thriller","53503","2014-02-12","http://www.imdb.com/title/tt2172934/"
"202","tt1815862","Mon May 26 00:00:00 2014","","","After Earth","Feature Film","M. Night Shyamalan","7","5.0","100","2013","action, adventure, sci_fi","137078","2013-05-01","http://www.imdb.com/title/tt1815862/"
"203","tt1440345","Sun May 25 00:00:00 2014","","","This Must Be the Place","Feature Film","Paolo Sorrentino","6","6.7","118","2011","comedy, drama","21759","2011-05-20","http://www.imdb.com/title/tt1440345/"
"204","tt2084989","Sun May 25 00:00:00 2014","","","Upstream Color","Feature Film","Shane Carruth","3","6.8","96","2013","drama, mystery, sci_fi","15962","2013-01-21","http://www.imdb.com/title/tt2084989/"
"205","tt0373981","Fri May 23 00:00:00 2014","","","Kontroll","Feature Film","Nimród Antal","7","7.7","105","2003","comedy, crime, drama, romance, thriller","17760","2003-11-20","http://www.imdb.com/title/tt0373981/"
"206","tt0997246","Wed May 21 00:00:00 2014","","","The Song of Sparrows","Feature Film","Majid Majidi","6","8.0","96","2008","drama","5404","2008-02-10","http://www.imdb.com/title/tt0997246/"
"207","tt1206543","Wed May 21 00:00:00 2014","","","Out of the Furnace","Feature Film","Scott Cooper","4","6.8","116","2013","crime, drama, thriller","66245","2013-11-09","http://www.imdb.com/title/tt1206543/"
"208","tt1715336","Wed May 21 00:00:00 2014","","","Mindscape","Feature Film","Jorge Dorado","5","6.4","99","2013","drama, thriller","9684","2013-10-13","http://www.imdb.com/title/tt1715336/"
"209","tt1855325","Tue May 20 00:00:00 2014","","","Resident Evil: Retribution","Feature Film","Paul W.S. Anderson","5","5.3","96","2012","action, horror, sci_fi, thriller","90607","2012-09-03","http://www.imdb.com/title/tt1855325/"
"210","tt2007993","Mon May 19 00:00:00 2014","","","Warriors of the Rainbow: Seediq Bale","Feature Film","Te-Sheng Wei","7","7.6","276","2011","action, drama, history","4786","2011-09-09","http://www.imdb.com/title/tt2007993/"
"211","tt1706620","Sun May 18 00:00:00 2014","","","Snowpiercer","Feature Film","Bong Joon Ho","8","7.0","126","2013","action, sci_fi, thriller","121331","2013-08-01","http://www.imdb.com/title/tt1706620/"
"212","tt0099365","Sat May 17 00:00:00 2014","","","Darkman","Feature Film","Sam Raimi","4","6.4","96","1990","action, crime, fantasy, sci_fi, thriller","43194","1990-08-24","http://www.imdb.com/title/tt0099365/"
"213","tt1152836","Thu May 15 00:00:00 2014","","","Public Enemies","Feature Film","Michael Mann","6","7.0","140","2009","biography, crime, drama, history","202873","2009-06-18","http://www.imdb.com/title/tt1152836/"
"214","tt0097737","Wed May 14 00:00:00 2014","","","Leviathan","Feature Film","George P. Cosmatos","5","5.7","98","1989","adventure, horror, mystery, sci_fi, thriller","11359","1989-03-17","http://www.imdb.com/title/tt0097737/"
"215","tt0487831","Wed May 14 00:00:00 2014","","","The IT Crowd","TV Series","","8","8.6","25","2006","comedy","73328","2006-02-03","http://www.imdb.com/title/tt0487831/"
"216","tt0111149","Mon May 12 00:00:00 2014","","","Shallow Grave","Feature Film","Danny Boyle","5","7.4","92","1994","crime, thriller","41179","1994-12-22","http://www.imdb.com/title/tt0111149/"
"217","tt1234721","Mon May 12 00:00:00 2014","","","RoboCop","Feature Film","José Padilha","4","6.3","117","2014","action, adventure, sci_fi, thriller","146133","2014-01-30","http://www.imdb.com/title/tt1234721/"
"218","tt0093870","Mon May 12 00:00:00 2014","","","RoboCop","Feature Film","Paul Verhoeven","6","7.5","102","1987","action, sci_fi","153806","1987-07-17","http://www.imdb.com/title/tt0093870/"
"219","tt0107978","Mon May 12 00:00:00 2014","","","RoboCop 3","Feature Film","Fred Dekker","4","3.8","104","1993","action, crime, drama, sci_fi","29827","1993-05-01","http://www.imdb.com/title/tt0107978/"
"220","tt0100502","Mon May 12 00:00:00 2014","","","RoboCop 2","Feature Film","Irvin Kershner","5","5.7","117","1990","action, crime, sci_fi","52777","1990-06-22","http://www.imdb.com/title/tt0100502/"
"221","tt0215750","Sun May 11 00:00:00 2014","","","Enemy at the Gates","Feature Film","Jean-Jacques Annaud","8","7.6","131","2001","drama, history, romance, thriller, war","160228","2001-02-07","http://www.imdb.com/title/tt0215750/"
"222","tt0114594","Sat May 10 00:00:00 2014","","","Swimming with Sharks","Feature Film","George Huang","6","7.2","101","1994","comedy, crime, drama, thriller","17691","1994-09-10","http://www.imdb.com/title/tt0114594/"
"223","tt1798709","Mon May  5 00:00:00 2014","","","Her","Feature Film","Spike Jonze","7","8.0","126","2013","drama, romance, sci_fi","261274","2013-10-12","http://www.imdb.com/title/tt1798709/"
"224","tt2194499","Sun May  4 00:00:00 2014","","","About Time","Feature Film","Richard Curtis","7","7.8","123","2013","drama, fantasy, romance","148292","2013-06-27","http://www.imdb.com/title/tt2194499/"
"225","tt2626102","Wed Apr 30 00:00:00 2014","","","Takedown: The DNA of GSP","Documentary","Kristian Manchester, Peter Svatek","6","7.6","90","2014","documentary","380","2014-02-20","http://www.imdb.com/title/tt2626102/"
"226","tt1043726","Mon Apr 28 00:00:00 2014","","","The Legend of Hercules","Feature Film","Renny Harlin","4","4.2","99","2014","action, adventure, fantasy","37499","2014-01-08","http://www.imdb.com/title/tt1043726/"
"227","tt2317225","Mon Apr 28 00:00:00 2014","","","The Machine","Feature Film","Caradog W. James","7","6.1","91","2013","sci_fi, thriller","18633","2013-04-20","http://www.imdb.com/title/tt2317225/"
"228","tt2051879","Mon Apr 28 00:00:00 2014","","","Europa Report","Feature Film","Sebastián Cordero","4","6.5","90","2013","sci_fi, thriller","40201","2013-06-15","http://www.imdb.com/title/tt2051879/"
"229","tt1183919","Sun Apr 27 00:00:00 2014","","","Marley","Documentary","Kevin Macdonald","5","8.0","144","2012","documentary, biography, music","9380","2012-02-12","http://www.imdb.com/title/tt1183919/"
"230","tt1723642","Sun Apr 20 00:00:00 2014","","","HOUBA! On the Trail of the Marsupilami","Feature Film","Alain Chabat","4","5.6","105","2012","adventure, comedy, family","2254","2012-04-04","http://www.imdb.com/title/tt1723642/"
"231","tt2375692","Thu Apr 17 00:00:00 2014","","","Black Sails","TV Series","","7","7.9","56","2014","adventure, drama","23228","2014-01-25","http://www.imdb.com/title/tt2375692/"
"232","tt2758950","Thu Apr 17 00:00:00 2014","","","Helix","TV Series","","5","7.0","40","2014","sci_fi, thriller","16892","2014-01-10","http://www.imdb.com/title/tt2758950/"
"233","tt2382396","Wed Apr 16 00:00:00 2014","","","Joe","Feature Film","David Gordon Green","4","6.9","117","2013","drama","26857","2013-08-30","http://www.imdb.com/title/tt2382396/"
"234","tt0032553","Wed Apr 16 00:00:00 2014","","","The Great Dictator","Feature Film","Charles Chaplin","4","8.5","125","1940","comedy, drama, war","107472","1940-10-15","http://www.imdb.com/title/tt0032553/"
"235","tt0092563","Mon Apr 14 00:00:00 2014","","","Angel Heart","Feature Film","Alan Parker","7","7.3","113","1987","horror, mystery, thriller","56031","1987-03-06","http://www.imdb.com/title/tt0092563/"
"236","tt0359950","Sat Apr 12 00:00:00 2014","","","The Secret Life of Walter Mitty","Feature Film","Ben Stiller","7","7.4","114","2013","adventure, comedy, drama, fantasy","191474","2013-10-05","http://www.imdb.com/title/tt0359950/"
"237","tt1335975","Sat Apr 12 00:00:00 2014","","","47 Ronin","Feature Film","Carl Rinsch","6","6.3","118","2013","action, adventure, fantasy","96713","2013-12-06","http://www.imdb.com/title/tt1335975/"
"238","tt1800241","Tue Apr  8 00:00:00 2014","","","American Hustle","Feature Film","David O. Russell","8","7.3","138","2013","crime, drama","288755","2013-12-12","http://www.imdb.com/title/tt1800241/"
"239","tt1170358","Thu Apr  3 00:00:00 2014","","","The Hobbit: The Desolation of Smaug","Feature Film","Peter Jackson","8","8.0","161","2013","adventure, fantasy","383262","2013-12-02","http://www.imdb.com/title/tt1170358/"
"240","tt1981115","Wed Apr  2 00:00:00 2014","","","Thor: The Dark World","Feature Film","Alan Taylor","6","7.2","112","2013","action, adventure, fantasy","304104","2013-10-30","http://www.imdb.com/title/tt1981115/"
"241","tt1323594","Mon Mar 31 00:00:00 2014","","","Despicable Me","Feature Film","Pierre Coffin, Chris Renaud","6","7.7","95","2010","animation, comedy, family","298582","2010-06-20","http://www.imdb.com/title/tt1323594/"
"242","tt1690953","Mon Mar 31 00:00:00 2014","","","Despicable Me 2","Feature Film","Pierre Coffin, Chris Renaud","4","7.5","98","2013","animation, comedy, family","219844","2013-06-16","http://www.imdb.com/title/tt1690953/"
"243","tt1731141","Sat Mar 22 00:00:00 2014","","","Ender's Game","Feature Film","Gavin Hood","9","6.7","114","2013","action, sci_fi","153514","2013-10-24","http://www.imdb.com/title/tt1731141/"
"244","tt0993846","Wed Mar 19 00:00:00 2014","","","The Wolf of Wall Street","Feature Film","Martin Scorsese","7","8.3","180","2013","biography, comedy, crime, drama","527467","2013-12-17","http://www.imdb.com/title/tt0993846/"
"245","tt0114069","Sun Mar 16 00:00:00 2014","","","Outbreak","Feature Film","Wolfgang Petersen","6","6.5","127","1995","action, drama, horror, sci_fi, thriller","83624","1995-03-06","http://www.imdb.com/title/tt0114069/"
"246","tt0374455","Wed Mar  5 00:00:00 2014","","","Stargate: Atlantis","TV Series","","8","8.1","45","2004","action, drama, sci_fi, adventure","42165","2004-07-16","http://www.imdb.com/title/tt0374455/"
"247","tt2024544","Thu Feb 27 00:00:00 2014","","","12 Years a Slave","Feature Film","Steve McQueen","6","8.2","134","2013","biography, drama, history","308474","2013-08-30","http://www.imdb.com/title/tt2024544/"
"248","tt1709143","Thu Feb 27 00:00:00 2014","","","The Last Days on Mars","Feature Film","Ruairi Robinson","8","5.5","98","2013","horror, sci_fi, thriller","22834","2013-05-20","http://www.imdb.com/title/tt1709143/"
"249","tt1821549","Sun Feb 23 00:00:00 2014","","","Nebraska","Feature Film","Alexander Payne","4","7.8","115","2013","comedy, drama","73016","2013-05-23","http://www.imdb.com/title/tt1821549/"
"250","tt0358456","Fri Feb 21 00:00:00 2014","","","Earthlings","Documentary","Shaun Monson","6","8.6","95","2005","documentary, horror","9975","2005-09-24","http://www.imdb.com/title/tt0358456/"
"251","tt0310775","Wed Feb 19 00:00:00 2014","","","Sympathy for Mr. Vengeance","Feature Film","Chan-wook Park","5","7.7","129","2002","crime, drama","39551","2002-03-29","http://www.imdb.com/title/tt0310775/"
"252","tt1545660","Tue Feb 18 00:00:00 2014","","","Knights of Badassdom","Feature Film","Joe Lynch","5","5.7","86","2013","comedy, fantasy, horror","12937","2013-09-25","http://www.imdb.com/title/tt1545660/"
"253","tt0985699","Mon Feb 17 00:00:00 2014","","","Valkyrie","Feature Film","Bryan Singer","6","7.1","121","2008","drama, thriller, war","158752","2008-12-25","http://www.imdb.com/title/tt0985699/"
"254","tt1321511","Sat Feb 15 00:00:00 2014","","","Oldboy","Feature Film","Spike Lee","7","5.7","104","2013","action, drama, mystery, thriller","39052","2013-11-11","http://www.imdb.com/title/tt1321511/"
"255","tt0045152","Thu Feb 13 00:00:00 2014","","","Singin' in the Rain","Feature Film","Stanley Donen, Gene Kelly","3","8.4","103","1952","comedy, musical, romance","123924","1952-03-27","http://www.imdb.com/title/tt0045152/"
"256","tt1553656","Wed Feb 12 00:00:00 2014","","","Under the Dome","TV Series","","7","7.0","43","2013","drama, mystery, sci_fi, thriller","62544","2013-06-24","http://www.imdb.com/title/tt1553656/"
"257","tt1454468","Tue Feb 11 00:00:00 2014","","","Gravity","Feature Film","Alfonso Cuarón","9","8.0","91","2013","sci_fi, thriller","472511","2013-08-28","http://www.imdb.com/title/tt1454468/"
"258","tt1748166","Mon Feb 10 00:00:00 2014","","","Pioneer One","TV Series","","6","7.1","","2010","drama, sci_fi","721","2010-06-16","http://www.imdb.com/title/tt1748166/"
"259","tt1549572","Mon Feb 10 00:00:00 2014","","","Another Earth","Feature Film","Mike Cahill","5","7.0","92","2011","drama, romance, sci_fi","56619","2011-01-24","http://www.imdb.com/title/tt1549572/"
"260","tt2306299","Thu Feb  6 00:00:00 2014","","","Vikings","TV Series","","7","8.6","44","2013","action, drama, history, war","104983","2013-03-03","http://www.imdb.com/title/tt2306299/"
"261","tt2315200","Wed Feb  5 00:00:00 2014","","","Me, Myself and Mum","Feature Film","Guillaume Gallienne","7","6.7","85","2013","comedy","4409","2013-05-20","http://www.imdb.com/title/tt2315200/"
"262","tt1300563","Wed Feb  5 00:00:00 2014","","","The Age of Stupid","Documentary","Franny Armstrong","7","7.0","92","2009","documentary, history, war","3374","2009-03-14","http://www.imdb.com/title/tt1300563/"
"263","tt1439572","Sun Feb  2 00:00:00 2014","","","Perfect Sense","Feature Film","David Mackenzie","8","7.1","92","2011","drama, romance, sci_fi","34203","2011-01-24","http://www.imdb.com/title/tt1439572/"
"264","tt0066011","Sun Feb  2 00:00:00 2014","","","Love Story","Feature Film","Arthur Hiller","5","6.9","99","1970","drama, romance","20532","1970-12-16","http://www.imdb.com/title/tt0066011/"
"265","tt0076637","Thu Jan 30 00:00:00 2014","","","Rolling Thunder","Feature Film","John Flynn","3","7.1","95","1977","action, drama, crime, thriller","4336","1977-10-14","http://www.imdb.com/title/tt0076637/"
"266","tt1450321","Thu Jan 30 00:00:00 2014","","","Filth","Feature Film","Jon S. Baird","5","7.1","97","2013","comedy, crime, drama","54469","2013-09-16","http://www.imdb.com/title/tt1450321/"
"267","tt0071315","Wed Jan 29 00:00:00 2014","","","Chinatown","Feature Film","Roman Polanski","6","8.3","130","1974","drama, mystery, thriller","180714","1974-06-20","http://www.imdb.com/title/tt0071315/"
"268","tt1540741","Tue Jan 28 00:00:00 2014","","","A Single Shot","Feature Film","David M. Rosenthal","4","5.8","116","2013","crime, drama, thriller","6570","2013-02-09","http://www.imdb.com/title/tt1540741/"
"269","tt1244668","Mon Jan 27 00:00:00 2014","","","Soul Kitchen","Feature Film","Fatih Akin","5","7.3","99","2009","comedy, drama","25720","2009-09-10","http://www.imdb.com/title/tt1244668/"
"270","tt0049730","Mon Jan 27 00:00:00 2014","","","The Searchers","Feature Film","John Ford","7","8.0","119","1956","adventure, drama, western","54722","1956-03-13","http://www.imdb.com/title/tt0049730/"
"271","tt1951264","Mon Jan 27 00:00:00 2014","","","The Hunger Games: Catching Fire","Feature Film","Francis Lawrence","7","7.7","146","2013","adventure, sci_fi","392899","2013-11-11","http://www.imdb.com/title/tt1951264/"
"272","tt1756595","Sun Jan 26 00:00:00 2014","","","Les géants","Feature Film","Bouli Lanners","4","6.7","84","2011","drama","1207","2011-05-20","http://www.imdb.com/title/tt1756595/"
"273","tt0112792","Sun Jan 19 00:00:00 2014","","","Dangerous Minds","Feature Film","John N. Smith","5","6.3","99","1995","biography, drama","33668","1995-08-11","http://www.imdb.com/title/tt0112792/"
"274","tt1836974","Fri Jan 17 00:00:00 2014","","","Ecstasy of Order: The Tetris Masters","Documentary","Adam Cornelius","8","7.7","","2011","documentary","844","2011-10-21","http://www.imdb.com/title/tt1836974/"
"275","tt1901040","Mon Jan 13 00:00:00 2014","","","Wrong","Feature Film","Quentin Dupieux","5","6.2","94","2012","comedy, mystery","5733","2012-01-21","http://www.imdb.com/title/tt1901040/"
"276","tt1321870","Mon Jan 13 00:00:00 2014","","","Gangster Squad","Feature Film","Ruben Fleischer","7","6.8","113","2013","action, crime, drama, thriller","154075","2013-01-07","http://www.imdb.com/title/tt1321870/"
"277","tt1535109","Mon Jan 13 00:00:00 2014","","","Captain Phillips","Feature Film","Paul Greengrass","5","7.9","134","2013","biography, drama, thriller","268920","2013-09-27","http://www.imdb.com/title/tt1535109/"
"278","tt1769363","Sun Jan 12 00:00:00 2014","","","The Giant Mechanical Man","Feature Film","Lee Kirk","5","6.7","94","2012","comedy, drama, romance","6441","2012-04-27","http://www.imdb.com/title/tt1769363/"
"279","tt1211956","Sun Jan 12 00:00:00 2014","","","Escape Plan","Feature Film","Mikael Håfström","5","6.8","115","2013","action, mystery, thriller","144161","2013-07-18","http://www.imdb.com/title/tt1211956/"
"280","tt2209418","Sun Jan 12 00:00:00 2014","","","Before Midnight","Feature Film","Richard Linklater","4","8.0","109","2013","drama, romance","72994","2013-01-20","http://www.imdb.com/title/tt2209418/"
"281","tt0396184","Fri Jan 10 00:00:00 2014","","","With Blood on My Hands: Pusher II","Feature Film","Nicolas Winding Refn","6","7.4","100","2004","action, crime, drama, thriller","10837","2004-12-25","http://www.imdb.com/title/tt0396184/"
"282","tt0425379","Fri Jan 10 00:00:00 2014","","","I'm the Angel of Death: Pusher III","Feature Film","Nicolas Winding Refn","6","7.3","90","2005","crime, drama, thriller","7675","2005-08-22","http://www.imdb.com/title/tt0425379/"
"283","tt0117407","Fri Jan 10 00:00:00 2014","","","Pusher","Feature Film","Nicolas Winding Refn","6","7.4","110","1996","crime, thriller","22038","1996-08-30","http://www.imdb.com/title/tt0117407/"
"284","tt1327773","Thu Jan  9 00:00:00 2014","","","The Butler","Feature Film","Lee Daniels","7","7.1","132","2013","biography, drama","70643","2013-08-05","http://www.imdb.com/title/tt1327773/"
"285","tt0393174","Thu Jan  9 00:00:00 2014","","","Confituur","Feature Film","Lieven Debrauwer","5","6.4","84","2004","drama, comedy","259","2004-10-20","http://www.imdb.com/title/tt0393174/"
"286","tt1440292","Sat Jan  4 00:00:00 2014","","","Submarine","Feature Film","Richard Ayoade","7","7.3","97","2010","comedy, drama, romance","54001","2010-09-12","http://www.imdb.com/title/tt1440292/"
"287","tt1979320","Fri Jan  3 00:00:00 2014","","","Rush","Feature Film","Ron Howard","8","8.2","123","2013","action, biography, drama, sport","225482","2013-09-02","http://www.imdb.com/title/tt1979320/"
"288","tt2085930","Thu Jan  2 00:00:00 2014","","","Starship Troopers: Invasion","Feature Film","Shinji Aramaki","6","5.9","89","2012","animation, action, sci_fi","7629","2012-07-21","http://www.imdb.com/title/tt2085930/"
"289","tt2334879","Thu Jan  2 00:00:00 2014","","","White House Down","Feature Film","Roland Emmerich","6","6.4","131","2013","action, drama, thriller","133247","2013-06-26","http://www.imdb.com/title/tt2334879/"
"290","tt2404463","Sat Dec 28 00:00:00 2013","","","The Heat","Feature Film","Paul Feig","6","6.7","117","2013","action, comedy, crime","109526","2013-06-27","http://www.imdb.com/title/tt2404463/"
"291","tt2234155","Sat Dec 28 00:00:00 2013","","","The Internship","Feature Film","Shawn Levy","6","6.3","119","2013","comedy","134172","2013-06-05","http://www.imdb.com/title/tt2234155/"
"292","tt0098936","Thu Dec 26 00:00:00 2013","","","Twin Peaks","TV Series","","5","9.0","47","1990","drama, mystery, thriller","83569","1989-09","http://www.imdb.com/title/tt0098936/"
"293","tt1210819","Thu Dec 26 00:00:00 2013","","","The Lone Ranger","Feature Film","Gore Verbinski","6","6.5","149","2013","action, adventure, western","154906","2013-06-22","http://www.imdb.com/title/tt1210819/"
"294","tt1650554","Fri Dec 20 00:00:00 2013","","","Kick-Ass 2","Feature Film","Jeff Wadlow","7","6.7","103","2013","action, comedy, crime","160608","2013-08-14","http://www.imdb.com/title/tt1650554/"
"295","tt2404311","Tue Dec 17 00:00:00 2013","","","The Family","Feature Film","Luc Besson","7","6.3","111","2013","comedy, crime, thriller","72680","2013-09-10","http://www.imdb.com/title/tt2404311/"
"296","tt1824254","Sun Dec 15 00:00:00 2013","","","We Steal Secrets: The Story of WikiLeaks","Documentary","Alex Gibney","7","6.8","130","2013","documentary","4804","2013-01-21","http://www.imdb.com/title/tt1824254/"
"297","tt0457513","Sun Dec 15 00:00:00 2013","","","Scoop","Feature Film","Woody Allen","7","6.7","96","2006","comedy, mystery","58593","2006-07-28","http://www.imdb.com/title/tt0457513/"
"298","tt1392214","Sun Dec 15 00:00:00 2013","","","Prisoners","Feature Film","Denis Villeneuve","7","8.1","153","2013","crime, drama, thriller","273630","2013-08-30","http://www.imdb.com/title/tt1392214/"
"299","tt1453405","Sun Dec 15 00:00:00 2013","","","Monsters University","Feature Film","Dan Scanlon","7","7.4","104","2013","animation, adventure, comedy, family, fantasy","180824","2013-06-08","http://www.imdb.com/title/tt1453405/"
"300","tt0381681","Sun Dec 15 00:00:00 2013","","","Before Sunset","Feature Film","Richard Linklater","6","8.1","80","2004","drama, romance","137126","2004-02-10","http://www.imdb.com/title/tt0381681/"
"301","tt0362270","Sun Dec 15 00:00:00 2013","","","The Life Aquatic with Steve Zissou","Feature Film","Wes Anderson","7","7.3","119","2004","adventure, comedy, drama","119773","2004-11-20","http://www.imdb.com/title/tt0362270/"
"302","tt0112471","Thu Dec 12 00:00:00 2013","","","Before Sunrise","Feature Film","Richard Linklater","6","8.1","105","1995","drama, romance","146249","1995-01-27","http://www.imdb.com/title/tt0112471/"
"303","tt1430132","Fri Nov 29 00:00:00 2013","","","The Wolverine","Feature Film","James Mangold","7","6.7","126","2013","action, adventure, sci_fi, thriller","259611","2013-07-16","http://www.imdb.com/title/tt1430132/"
"304","tt0070511","Thu Nov 28 00:00:00 2013","","","Papillon","Feature Film","Franklin J. Schaffner","6","8.1","151","1973","biography, crime, drama","80070","1973-12-16","http://www.imdb.com/title/tt0070511/"
"305","tt1821694","Wed Nov 27 00:00:00 2013","","","RED 2","Feature Film","Dean Parisot","5","6.7","116","2013","action, comedy, crime, thriller","101472","2013-07-18","http://www.imdb.com/title/tt1821694/"
"306","tt1535108","Tue Nov 26 00:00:00 2013","","","Elysium","Feature Film","Neill Blomkamp","7","6.7","109","2013","action, drama, sci_fi, thriller","264462","2013-08-07","http://www.imdb.com/title/tt1535108/"
"307","tt0086979","Thu Nov 21 00:00:00 2013","","","Blood Simple.","Feature Film","Joel Coen","8","7.7","99","1984","crime, thriller","59848","1984-09-07","http://www.imdb.com/title/tt0086979/"
"308","tt1213663","Mon Nov 18 00:00:00 2013","","","The World's End","Feature Film","Edgar Wright","5","7.0","109","2013","action, comedy, sci_fi","141702","2013-07-10","http://www.imdb.com/title/tt1213663/"
"309","tt1272878","Thu Nov 14 00:00:00 2013","","","2 Guns","Feature Film","Baltasar Kormákur","7","6.8","109","2013","action, comedy, crime, drama, thriller","129858","2013-07-30","http://www.imdb.com/title/tt1272878/"
"310","tt0041959","Fri Nov  8 00:00:00 2013","","","The Third Man","Feature Film","Carol Reed","7","8.3","104","1949","film_noir, mystery, thriller","95942","1949-08-31","http://www.imdb.com/title/tt0041959/"
"311","tt0051201","Fri Nov  8 00:00:00 2013","","","Witness for the Prosecution","Feature Film","Billy Wilder","6","8.5","116","1957","crime, drama, mystery","48592","1957-12-17","http://www.imdb.com/title/tt0051201/"
"312","tt0040897","Fri Nov  8 00:00:00 2013","","","The Treasure of the Sierra Madre","Feature Film","John Huston","7","8.4","126","1948","action, adventure, drama, western","66791","1948-01-24","http://www.imdb.com/title/tt0040897/"
"313","tt0056592","Wed Nov  6 00:00:00 2013","","","To Kill a Mockingbird","Feature Film","Robert Mulligan","6","8.4","129","1962","drama","176013","1962-12-25","http://www.imdb.com/title/tt0056592/"
"314","tt0070735","Mon Nov  4 00:00:00 2013","","","The Sting","Feature Film","George Roy Hill","4","8.4","129","1973","comedy, crime, drama","145610","1973-12-25","http://www.imdb.com/title/tt0070735/"
"315","tt0053604","Mon Nov  4 00:00:00 2013","","","The Apartment","Feature Film","Billy Wilder","5","8.4","125","1960","comedy, drama, romance","89498","1960-06-15","http://www.imdb.com/title/tt0053604/"
"316","tt0485947","Fri Nov  1 00:00:00 2013","","","Mr. Nobody","Feature Film","Jaco Van Dormael","9","7.9","141","2009","drama, fantasy, romance, sci_fi","107259","2009-09-12","http://www.imdb.com/title/tt0485947/"
"317","tt0460791","Fri Nov  1 00:00:00 2013","","","The Fall","Feature Film","Tarsem","9","7.9","117","2006","adventure, drama, fantasy","78502","2006-09-09","http://www.imdb.com/title/tt0460791/"
"318","tt2125435","Fri Nov  1 00:00:00 2013","","","Beasts of the Southern Wild","Feature Film","Benh Zeitlin","9","7.3","93","2012","drama, fantasy","62705","2012-01-20","http://www.imdb.com/title/tt2125435/"
"319","tt1568816","Fri Nov  1 00:00:00 2013","","","Fase 7","Feature Film","Nicolás Goldbart","7","5.9","95","2011","sci_fi, thriller","2492","2011-03-03","http://www.imdb.com/title/tt1568816/"
"320","tt0057115","Tue Oct 29 00:00:00 2013","","","The Great Escape","Feature Film","John Sturges","7","8.3","172","1963","adventure, drama, history, war","137089","1963-06-20","http://www.imdb.com/title/tt0057115/"
"321","tt1245492","Sat Oct 26 00:00:00 2013","","","This Is the End","Feature Film","Evan Goldberg, Seth Rogen","3","6.7","107","2013","comedy, fantasy","256098","2013-06-03","http://www.imdb.com/title/tt1245492/"
"322","tt0770828","Wed Oct 23 00:00:00 2013","","","Man of Steel","Feature Film","Zack Snyder","8","7.3","143","2013","action, adventure, fantasy, sci_fi","444791","2013-06-10","http://www.imdb.com/title/tt0770828/"
"323","tt0077928","Tue Oct 22 00:00:00 2013","","","Midnight Express","Feature Film","Alan Parker","6","7.7","121","1978","biography, crime, drama","47708","1978-05-18","http://www.imdb.com/title/tt0077928/"
"324","tt0105265","Wed Oct  9 00:00:00 2013","","","A River Runs Through It","Feature Film","Robert Redford","5","7.3","123","1992","drama","36700","1992-09-13","http://www.imdb.com/title/tt0105265/"
"325","tt2133302","Tue Oct  8 00:00:00 2013","","","Outpost 11","Feature Film","Anthony Woodley","3","3.9","","2012","sci_fi","392","2012-12-31","http://www.imdb.com/title/tt2133302/"
"326","tt1663662","Mon Oct  7 00:00:00 2013","","","Pacific Rim","Feature Film","Guillermo del Toro","6","7.0","132","2013","action, adventure, sci_fi","310000","2013-07-02","http://www.imdb.com/title/tt1663662/"
"327","tt0096697","Fri Oct  4 00:00:00 2013","","","The Simpsons","TV Series","","7","8.9","22","1989","animation, comedy","202855","1989-12-17","http://www.imdb.com/title/tt0096697/"
"328","tt0070909","Thu Sep 26 00:00:00 2013","","","Westworld","Feature Film","Michael Crichton","6","7.1","88","1973","action, sci_fi, thriller, western","21605","1973-11-21","http://www.imdb.com/title/tt0070909/"
"329","tt0103759","Mon Sep 23 00:00:00 2013","","","Bad Lieutenant","Feature Film","Abel Ferrara","3","7.1","96","1992","crime, drama","25954","1992-09-16","http://www.imdb.com/title/tt0103759/"
"330","tt0087800","Mon Sep 23 00:00:00 2013","","","A Nightmare on Elm Street","Feature Film","Wes Craven","4","7.5","91","1984","horror","124245","1984-10","http://www.imdb.com/title/tt0087800/"
"331","tt1905041","Sun Sep 22 00:00:00 2013","","","Furious 6","Feature Film","Justin Lin","6","7.2","130","2013","action, crime, thriller","238907","2013-05-07","http://www.imdb.com/title/tt1905041/"
"332","tt1491044","Sat Sep 21 00:00:00 2013","","","The Iceman","Feature Film","Ariel Vromen","5","6.9","106","2012","biography, crime, drama","46254","2012-08-30","http://www.imdb.com/title/tt1491044/"
"333","tt1869716","Sat Sep 21 00:00:00 2013","","","The East","Feature Film","Zal Batmanglij","6","6.9","116","2013","drama, thriller","35566","2013-01-20","http://www.imdb.com/title/tt1869716/"
"334","tt1411250","Thu Sep 19 00:00:00 2013","","","Riddick","Feature Film","David Twohy","5","6.4","119","2013","action, sci_fi, thriller","104170","2013-09-04","http://www.imdb.com/title/tt1411250/"
"335","tt0119081","Thu Sep 12 00:00:00 2013","","","Event Horizon","Feature Film","Paul Anderson","5","6.7","96","1997","horror, sci_fi","100156","1997-08-15","http://www.imdb.com/title/tt0119081/"
"336","tt0101540","Thu Sep 12 00:00:00 2013","","","Cape Fear","Feature Film","Martin Scorsese","3","7.3","128","1991","crime, thriller","111999","1991-11-15","http://www.imdb.com/title/tt0101540/"
"337","tt0087884","Wed Sep 11 00:00:00 2013","","","Paris, Texas","Feature Film","Wim Wenders","7","8.1","147","1984","drama","39152","1984-05-19","http://www.imdb.com/title/tt0087884/"
"338","tt0396269","Tue Sep 10 00:00:00 2013","","","Wedding Crashers","Feature Film","David Dobkin","6","7.0","119","2005","comedy, romance","248116","2005-07-13","http://www.imdb.com/title/tt0396269/"
"339","tt1185616","Thu Sep  5 00:00:00 2013","","","Waltz with Bashir","Documentary","Ari Folman","5","8.0","90","2008","documentary, animation, biography, drama, war","40967","2008-05-15","http://www.imdb.com/title/tt1185616/"
"340","tt1670345","Sun Sep  1 00:00:00 2013","","","Now You See Me","Feature Film","Louis Leterrier","7","7.3","115","2013","crime, mystery, thriller","354926","2013-05-21","http://www.imdb.com/title/tt1670345/"
"341","tt1817273","Sun Sep  1 00:00:00 2013","","","The Place Beyond the Pines","Feature Film","Derek Cianfrance","3","7.3","140","2012","crime, drama, romance, thriller","157866","2012-09-07","http://www.imdb.com/title/tt1817273/"
"342","tt1045772","Sun Sep  1 00:00:00 2013","","","I Love You Phillip Morris","Feature Film","Glenn Ficarra, John Requa","6","6.7","98","2009","biography, comedy, crime, drama, romance","68903","2009-01-18","http://www.imdb.com/title/tt1045772/"
"343","tt2032557","Sat Aug 31 00:00:00 2013","","","The Reluctant Fundamentalist","Feature Film","Mira Nair","5","6.9","130","2012","thriller","8500","2012-08-29","http://www.imdb.com/title/tt2032557/"
"344","tt2366450","Thu Aug 29 00:00:00 2013","","","Stories We Tell","Documentary","Sarah Polley","2","7.6","108","2012","documentary","7531","2012-08-29","http://www.imdb.com/title/tt2366450/"
"345","tt0386741","Wed Aug 28 00:00:00 2013","","","Renaissance","Feature Film","Christian Volckman","5","6.8","105","2006","animation, action, sci_fi, thriller","13540","2006-03-15","http://www.imdb.com/title/tt0386741/"
"346","tt0923752","Wed Aug 28 00:00:00 2013","","","The King of Kong","Documentary","Seth Gordon","9","8.2","79","2007","documentary, biography, sport","28022","2007-04-21","http://www.imdb.com/title/tt0923752/"
"347","tt1408101","Wed Aug 28 00:00:00 2013","","","Star Trek Into Darkness","Feature Film","J.J. Abrams","8","7.8","132","2013","action, adventure, sci_fi","333778","2013-05-02","http://www.imdb.com/title/tt1408101/"
"348","tt0120787","Mon Aug 26 00:00:00 2013","","","A Perfect Murder","Feature Film","Andrew Davis","6","6.5","107","1998","crime, drama, thriller","58511","1998-06-05","http://www.imdb.com/title/tt0120787/"
"349","tt1300854","Mon Aug 26 00:00:00 2013","","","Iron Man 3","Feature Film","Shane Black","7","7.3","130","2013","action, adventure, sci_fi","439340","2013-04-18","http://www.imdb.com/title/tt1300854/"
"350","tt1718835","Sun Aug 25 00:00:00 2013","","","My Worst Nightmare","Feature Film","Anne Fontaine","6","6.0","103","2011","comedy, drama, romance","1697","2011-07","http://www.imdb.com/title/tt1718835/"
"351","tt2101341","Sun Aug 25 00:00:00 2013","","","Dead Man Down","Feature Film","Niels Arden Oplev","7","6.5","118","2013","action, crime, drama, thriller","48087","2013-03-08","http://www.imdb.com/title/tt2101341/"
"352","tt1692214","Sun Aug 25 00:00:00 2013","","","Monsieur Papa","Feature Film","Kad Merad","4","5.6","","2011","comedy","253","2011-04-17","http://www.imdb.com/title/tt1692214/"
"353","tt0106080","Wed Aug 14 00:00:00 2013","","","The Nanny","TV Series","Dorothy Lyman, Lee Shallat","5","6.8","30","1993","comedy","24364","1993-11-03","http://www.imdb.com/title/tt0106080/"
"354","tt0070047","Tue Aug 13 00:00:00 2013","","","The Exorcist","Feature Film","William Friedkin","5","8.0","122","1973","horror","251783","1973-06-19","http://www.imdb.com/title/tt0070047/"
"355","tt0903747","Mon Aug 12 00:00:00 2013","","","Breaking Bad","TV Series","","9","9.5","45","2008","crime, drama, thriller","624956","2008-01-20","http://www.imdb.com/title/tt0903747/"
"356","tt1343092","Mon Aug 12 00:00:00 2013","","","The Great Gatsby","Feature Film","Baz Luhrmann","7","7.3","143","2013","drama, romance","295262","2013-05-01","http://www.imdb.com/title/tt1343092/"
"357","tt0443527","Mon Aug  5 00:00:00 2013","","","The Hamiltons","Feature Film","The Butcher Brothers, The Butcher Brothers","6","5.2","86","2006","drama, horror, thriller","6961","2006-11-19","http://www.imdb.com/title/tt0443527/"
"358","tt0411705","Tue Jul 30 00:00:00 2013","","","9 Songs","Feature Film","Michael Winterbottom","1","4.9","71","2004","drama, music, romance","15880","2004-05-16","http://www.imdb.com/title/tt0411705/"
"359","tt0376968","Sun Jul 28 00:00:00 2013","","","The Return","Feature Film","Andrey Zvyagintsev","5","8.1","105","2003","drama, mystery, thriller","27387","2003-06-25","http://www.imdb.com/title/tt0376968/"
"360","tt0086541","Sun Jul 28 00:00:00 2013","","","Videodrome","Feature Film","David Cronenberg","4","7.3","87","1983","horror, sci_fi","50971","1983-02-04","http://www.imdb.com/title/tt0086541/"
"361","tt2302755","Sun Jul 28 00:00:00 2013","","","Olympus Has Fallen","Feature Film","Antoine Fuqua","6","6.5","119","2013","action, thriller","164945","2013-03-18","http://www.imdb.com/title/tt2302755/"
"362","tt0494238","Sun Jul 28 00:00:00 2013","","","Inkheart","Feature Film","Iain Softley","5","6.1","106","2008","adventure, family, fantasy","53497","2008-12-11","http://www.imdb.com/title/tt0494238/"
"363","tt1276104","Thu Jul 25 00:00:00 2013","","","Looper","Feature Film","Rian Johnson","8","7.5","119","2012","action, crime, sci_fi, thriller","361253","2012-09-06","http://www.imdb.com/title/tt1276104/"
"364","tt1483013","Thu Jul 25 00:00:00 2013","","","Oblivion","Feature Film","Joseph Kosinski","9","7.0","124","2013","action, adventure, mystery, sci_fi","309746","2013-03-26","http://www.imdb.com/title/tt1483013/"
"365","tt2342207","Wed Jul 24 00:00:00 2013","","","Mais qui a re-tué Pamela Rose?","Feature Film","Olivier Baroux, Kad Merad","5","5.3","90","2012","comedy","767","2012-12-05","http://www.imdb.com/title/tt2342207/"
"366","tt0102057","Wed Jul 24 00:00:00 2013","","","Hook","Feature Film","Steven Spielberg","7","6.6","142","1991","adventure, comedy, family, fantasy","158546","1991-12-08","http://www.imdb.com/title/tt0102057/"
"367","tt0181536","Wed Jul 24 00:00:00 2013","","","Finding Forrester","Feature Film","Gus Van Sant","6","7.3","136","2000","drama","68344","2000-12-20","http://www.imdb.com/title/tt0181536/"
"368","tt0436992","Tue Jul 23 00:00:00 2013","","","Doctor Who","TV Series","","7","8.9","45","2005","adventure, drama, family, mystery, sci_fi","119791","2005-03-26","http://www.imdb.com/title/tt0436992/"
"369","tt1160996","Mon Jul 22 00:00:00 2013","","","The Colony","Feature Film","Jeff Renfroe","7","5.3","95","2013","action, horror, sci_fi, thriller","29499","2013-04-26","http://www.imdb.com/title/tt1160996/"
"370","tt2663744","Sun Jul 21 00:00:00 2013","","","Assassins Tale","Feature Film","Arthur Louis Fuller","2","4.5","92","2013","action, crime, thriller","370","2013-07-09","http://www.imdb.com/title/tt2663744/"
"371","tt1361566","Sun Jul 21 00:00:00 2013","","","The House of Small Cubes","Short Film","Kunio Kato","6","8.4","12","2008","animation, drama, family","3972","2008-06-10","http://www.imdb.com/title/tt1361566/"
"372","tt0808230","Sun Jul 21 00:00:00 2013","","","Les deux mondes","Feature Film","Daniel Cohen","5","5.6","105","2007","comedy, fantasy","918","2007-11-21","http://www.imdb.com/title/tt0808230/"
"373","tt1583421","Fri Jul 19 00:00:00 2013","","","G.I. Joe: Retaliation","Feature Film","Jon M. Chu","7","5.8","110","2013","action, adventure, sci_fi, thriller","126123","2013-03-11","http://www.imdb.com/title/tt1583421/"
"374","tt0816711","Wed Jul 17 00:00:00 2013","","","World War Z","Feature Film","Marc Forster","8","7.0","116","2013","action, adventure, horror, sci_fi, thriller","369114","2013-06-02","http://www.imdb.com/title/tt0816711/"
"375","tt1010048","Wed Jul 17 00:00:00 2013","","","Slumdog Millionaire","Feature Film","Danny Boyle, Loveleen Tandan","8","8.0","120","2008","drama, romance","546058","2008-08-30","http://www.imdb.com/title/tt1010048/"
"376","tt0408664","Thu Jul 11 00:00:00 2013","","","Nobody Knows","Feature Film","Hirokazu Koreeda","6","8.1","141","2004","drama","15423","2004-05-13","http://www.imdb.com/title/tt0408664/"
"377","tt0804503","Thu Jul 11 00:00:00 2013","","","Mad Men","TV Series","","6","8.7","45","2007","drama","113768","2007-07-19","http://www.imdb.com/title/tt0804503/"
"378","tt0905372","Wed Jul 10 00:00:00 2013","","","The Thing","Feature Film","Matthijs van Heijningen","7","6.3","103","2011","horror, mystery, sci_fi, thriller","82711","2011-10-10","http://www.imdb.com/title/tt0905372/"
"379","tt1242599","Tue Jul  9 00:00:00 2013","","","Bellflower","Feature Film","Evan Glodell","5","6.4","106","2011","action, drama, romance","6365","2011-01-21","http://www.imdb.com/title/tt1242599/"
"380","tt0119250","Sun Jul  7 00:00:00 2013","","","Hana-bi","Feature Film","Takeshi Kitano","5","7.9","103","1997","crime, drama, romance, thriller","19251","1997-09-03","http://www.imdb.com/title/tt0119250/"
"381","tt0243133","Sun Jul  7 00:00:00 2013","","","The Man Who Wasn't There","Feature Film","Joel Coen","7","7.6","116","2001","crime, drama","77519","2001-05-13","http://www.imdb.com/title/tt0243133/"
"382","tt1706593","Sun Jul  7 00:00:00 2013","","","Chronicle","Feature Film","Josh Trank","8","7.1","84","2012","drama, sci_fi, thriller","176859","2012-01-28","http://www.imdb.com/title/tt1706593/"
"383","tt0108399","Sun Jul  7 00:00:00 2013","","","True Romance","Feature Film","Tony Scott","7","8.0","120","1993","action, crime, drama, romance, thriller","143484","1993-09-10","http://www.imdb.com/title/tt0108399/"
"384","tt0285823","Sun Jul  7 00:00:00 2013","","","Once Upon a Time in Mexico","Feature Film","Robert Rodriguez","7","6.4","102","2003","action, thriller","115970","2003-08-27","http://www.imdb.com/title/tt0285823/"
"385","tt1540816","Sun Jul  7 00:00:00 2013","","","When China Met Africa","Documentary","Marc Francis, Nick Francis","3","6.1","90","2010","documentary, adventure, family, news","75","2010-06-21","http://www.imdb.com/title/tt1540816/"
"386","tt2072220","Thu Jul  4 00:00:00 2013","","","Saving General Yang","Feature Film","Ronny Yu","5","6.4","102","2013","adventure, biography","1682","2013-04-03","http://www.imdb.com/title/tt2072220/"
"387","tt2131698","Thu Jul  4 00:00:00 2013","","","Zaytoun","Feature Film","Eran Riklis","6","6.6","110","2012","adventure, drama, thriller, war","985","2012-09-09","http://www.imdb.com/title/tt2131698/"
"388","tt0134273","Thu Jul  4 00:00:00 2013","","","8MM","Feature Film","Joel Schumacher","6","6.5","123","1999","crime, drama, mystery, thriller","96403","1999-02-19","http://www.imdb.com/title/tt0134273/"
"389","tt2053425","Fri Jun 28 00:00:00 2013","","","Rust and Bone","Feature Film","Jacques Audiard","6","7.5","120","2012","drama, romance","38381","2012-05-17","http://www.imdb.com/title/tt2053425/"
"390","tt1922685","Thu Jun 27 00:00:00 2013","","","Phantom","Feature Film","Todd Robinson","5","5.8","98","2013","history, thriller, war","10307","2013-03-01","http://www.imdb.com/title/tt1922685/"
"391","tt0074937","Thu Jun 27 00:00:00 2013","","","Murder by Death","Feature Film","Robert Moore","6","7.5","94","1976","comedy, mystery, thriller, crime","21702","1976-06-23","http://www.imdb.com/title/tt0074937/"
"392","tt1643222","Wed Jun 26 00:00:00 2013","","","Hell","Feature Film","Tim Fehlbaum","5","5.9","89","2011","horror, sci_fi, thriller","9442","2011-06-28","http://www.imdb.com/title/tt1643222/"
"393","tt2396200","Thu Jun 20 00:00:00 2013","","","Richard: The Lionheart","Feature Film","Stefano Milla","2","2.4","100","2013","action, adventure","545","2013-02-09","http://www.imdb.com/title/tt2396200/"
"394","tt1682180","Thu Jun 20 00:00:00 2013","","","Stoker","Feature Film","Chan-wook Park","6","6.9","99","2013","drama, mystery, thriller","72795","2013-01-20","http://www.imdb.com/title/tt1682180/"
"395","tt1911644","Mon Jun 17 00:00:00 2013","","","The Call","Feature Film","Brad Anderson","7","6.7","94","2013","crime, thriller","75866","2013-03-14","http://www.imdb.com/title/tt1911644/"
"396","tt1741542","Sun Jun  9 00:00:00 2013","","","Les Lyonnais","Feature Film","Olivier Marchal","6","7.0","102","2011","drama, thriller","4395","2011-11-10","http://www.imdb.com/title/tt1741542/"
"397","tt0102945","Sun Jun  9 00:00:00 2013","","","Sleeping with the Enemy","Feature Film","Joseph Ruben","4","6.1","99","1991","crime, drama, thriller","31564","1991-02-08","http://www.imdb.com/title/tt0102945/"
"398","tt1904996","Tue Jun  4 00:00:00 2013","","","Parker","Feature Film","Taylor Hackford","7","6.2","118","2013","action, crime, thriller","74554","2013-01-18","http://www.imdb.com/title/tt1904996/"
"399","tt0095647","Mon Jun  3 00:00:00 2013","","","Mississippi Burning","Feature Film","Alan Parker","6","7.8","128","1988","crime, drama, mystery, thriller","57988","1988-12-09","http://www.imdb.com/title/tt0095647/"
"400","tt1839578","Mon Jun  3 00:00:00 2013","","","Person of Interest","TV Series","","5","8.5","43","2011","action, drama, mystery, sci_fi, thriller","89448","2011-09-22","http://www.imdb.com/title/tt1839578/"
"401","tt0330243","Mon Jun  3 00:00:00 2013","","","Day of the Wacko","Feature Film","Marek Koterski","3","8.2","93","2002","comedy, drama","4769","2002-06-07","http://www.imdb.com/title/tt0330243/"
"402","tt1351685","Sat Jun  1 00:00:00 2013","","","Jack the Giant Slayer","Feature Film","Bryan Singer","5","6.3","114","2013","adventure, fantasy","91419","2013-02-27","http://www.imdb.com/title/tt1351685/"
"403","tt0882977","Sat Jun  1 00:00:00 2013","","","Snitch","Feature Film","Ric Roman Waugh","3","6.5","112","2013","action, drama, thriller","55995","2013-02-21","http://www.imdb.com/title/tt0882977/"
"404","tt1843230","Mon May 27 00:00:00 2013","","","Once Upon a Time","TV Series","David Barrett","6","8.1","44","2011","adventure, fantasy, romance","133299","2011-10-23","http://www.imdb.com/title/tt1843230/"
"405","tt1623205","Mon May 27 00:00:00 2013","","","Oz the Great and Powerful","Feature Film","Sam Raimi","6","6.4","130","2013","adventure, family, fantasy","159083","2013-02-14","http://www.imdb.com/title/tt1623205/"
"406","tt1606378","Mon May 27 00:00:00 2013","","","A Good Day to Die Hard","Feature Film","John Moore","5","5.3","98","2013","action, crime, thriller","143059","2013-02-07","http://www.imdb.com/title/tt1606378/"
"407","tt1216487","Thu May 23 00:00:00 2013","","","The Girl Who Played with Fire","Feature Film","Daniel Alfredson","5","7.1","129","2009","crime, drama, mystery, thriller","63581","2009-09-18","http://www.imdb.com/title/tt1216487/"
"408","tt0790724","Wed May 22 00:00:00 2013","","","Jack Reacher","Feature Film","Christopher McQuarrie","8","7.0","130","2012","action, crime, thriller","186912","2012-12-10","http://www.imdb.com/title/tt0790724/"
"409","tt2053463","Mon May 20 00:00:00 2013","","","Side Effects","Feature Film","Steven Soderbergh","6","7.1","106","2013","crime, drama, thriller","128662","2013-02-08","http://www.imdb.com/title/tt2053463/"
"410","tt0247745","Mon May 20 00:00:00 2013","","","Super Troopers","Feature Film","Jay Chandrasekhar","3","7.1","100","2001","comedy, crime, mystery","67430","2001-01-19","http://www.imdb.com/title/tt0247745/"
"411","tt1305797","Sun May 19 00:00:00 2013","","","Enthiran","Feature Film","Shankar","4","7.1","155","2010","action, romance, sci_fi","15647","2010-09-30","http://www.imdb.com/title/tt1305797/"
"412","tt0381940","Sun May 19 00:00:00 2013","","","Cargo","Feature Film","Ivan Engler, Ralph Etter","7","6.2","112","2009","mystery, sci_fi, thriller","13301","2009-09-24","http://www.imdb.com/title/tt0381940/"
"413","tt0160127","Thu May 16 00:00:00 2013","","","Charlie's Angels","Feature Film","McG","5","5.5","98","2000","action, adventure, comedy, crime, thriller","131677","2000-10-22","http://www.imdb.com/title/tt0160127/"
"414","tt0364343","Wed May 15 00:00:00 2013","","","The Final Cut","Feature Film","Omar Naïm","7","6.2","95","2004","action, sci_fi, thriller","24968","2004-02-11","http://www.imdb.com/title/tt0364343/"
"415","tt0300556","Wed May 15 00:00:00 2013","","","Timeline","Feature Film","Richard Donner","6","5.6","116","2003","action, adventure, sci_fi","49304","2003-11-19","http://www.imdb.com/title/tt0300556/"
"416","tt2125608","Tue May 14 00:00:00 2013","","","Searching for Sugar Man","Documentary","Malik Bendjelloul","2","8.2","86","2012","documentary, biography, music, mystery","40963","2012-01-19","http://www.imdb.com/title/tt2125608/"
"417","tt0102975","Mon May 13 00:00:00 2013","","","Star Trek VI: The Undiscovered Country","Feature Film","Nicholas Meyer","7","7.2","113","1991","action, adventure, sci_fi","48860","1991-12-03","http://www.imdb.com/title/tt0102975/"
"418","tt1095217","Sun May 12 00:00:00 2013","","","The Bad Lieutenant: Port of Call - New Orleans","Feature Film","Werner Herzog","7","6.7","122","2009","crime, drama","59963","2009-09-04","http://www.imdb.com/title/tt1095217/"
"419","tt0313542","Sun May 12 00:00:00 2013","","","Runaway Jury","Feature Film","Gary Fleder","7","7.1","127","2003","drama, thriller","71211","2003-10-09","http://www.imdb.com/title/tt0313542/"
"420","tt0093389","Fri May 10 00:00:00 2013","","","The Last Emperor","Feature Film","Bernardo Bertolucci","6","7.8","163","1987","biography, drama, history","60441","1987-10-04","http://www.imdb.com/title/tt0093389/"
"421","tt0218967","Fri May 10 00:00:00 2013","","","The Family Man","Feature Film","Brett Ratner","7","6.7","125","2000","comedy, drama, fantasy, romance","78701","2000-12-12","http://www.imdb.com/title/tt0218967/"
"422","tt0264395","Fri May 10 00:00:00 2013","","","Basic","Feature Film","John McTiernan","6","6.5","98","2003","action, crime, drama, mystery, thriller","45384","2003-03-28","http://www.imdb.com/title/tt0264395/"
"423","tt0111280","Fri May 10 00:00:00 2013","","","Star Trek: Generations","Feature Film","David Carson","7","6.6","118","1994","action, adventure, mystery, sci_fi, thriller","53314","1994-11-17","http://www.imdb.com/title/tt0111280/"
"424","tt0325703","Fri May 10 00:00:00 2013","","","Lara Croft Tomb Raider: The Cradle of Life","Feature Film","Jan de Bont","6","5.5","117","2003","action, adventure, fantasy, thriller","88909","2003-07-21","http://www.imdb.com/title/tt0325703/"
"425","tt1428538","Wed May  8 00:00:00 2013","","","Hansel & Gretel: Witch Hunters","Feature Film","Tommy Wirkola","6","6.1","88","2013","action, fantasy, horror","135539","2013-01-17","http://www.imdb.com/title/tt1428538/"
"426","tt1264904","Mon May  6 00:00:00 2013","","","Le petit Nicolas","Feature Film","Laurent Tirard","7","7.2","91","2009","comedy, family","7645","2009-09-30","http://www.imdb.com/title/tt1264904/"
"427","tt0253754","Sun May  5 00:00:00 2013","","","Star Trek: Nemesis","Feature Film","Stuart Baird","8","6.4","116","2002","action, adventure, sci_fi, thriller","51203","2002-12-09","http://www.imdb.com/title/tt0253754/"
"428","tt1639426","Sat May  4 00:00:00 2013","","","Udaan","Feature Film","Vikramaditya Motwane","5","8.4","134","2010","drama","22013","2010-05-19","http://www.imdb.com/title/tt1639426/"
"429","tt0120844","Sat May  4 00:00:00 2013","","","Star Trek: Insurrection","Feature Film","Jonathan Frakes","7","6.4","103","1998","action, adventure, sci_fi, thriller","50476","1998-12-11","http://www.imdb.com/title/tt0120844/"
"430","tt2106476","Sat May  4 00:00:00 2013","","","The Hunt","Feature Film","Thomas Vinterberg","6","8.3","115","2012","drama","121871","2012-05-20","http://www.imdb.com/title/tt2106476/"
"431","tt0368668","Thu May  2 00:00:00 2013","","","Les Dalton","Feature Film","Philippe Haïm","5","3.1","86","2004","comedy, western","2413","2004-12-08","http://www.imdb.com/title/tt0368668/"
"432","tt0248808","Thu May  2 00:00:00 2013","","","For the Birds","Short Film","Ralph Eggleston","7","8.2","3","2000","animation, comedy, family","15816","2000-06-05","http://www.imdb.com/title/tt0248808/"
"433","tt0386140","Thu May  2 00:00:00 2013","","","The Legend of Zorro","Feature Film","Martin Campbell","6","5.9","129","2005","action, adventure, western","60648","2005-10-24","http://www.imdb.com/title/tt0386140/"
"434","tt1053424","Thu May  2 00:00:00 2013","","","Repo Men","Feature Film","Miguel Sapochnik","7","6.3","111","2010","action, crime, sci_fi, thriller","80740","2010-03-19","http://www.imdb.com/title/tt1053424/"
"435","tt0416496","Thu May  2 00:00:00 2013","","","Bandidas","Feature Film","Joachim Rønning, Espen Sandberg","6","5.7","93","2006","action, comedy, crime, western","25831","2006-01-18","http://www.imdb.com/title/tt0416496/"
"436","tt0120184","Thu May  2 00:00:00 2013","","","Sphere","Feature Film","Barry Levinson","7","6.0","134","1998","drama, mystery, sci_fi, thriller","70755","1998-02-13","http://www.imdb.com/title/tt0120184/"
"437","tt0138304","Thu May  2 00:00:00 2013","","","The Astronaut's Wife","Feature Film","Rand Ravich","6","5.3","109","1999","drama, sci_fi, thriller","41562","1999-08-27","http://www.imdb.com/title/tt0138304/"
"438","tt0133152","Thu May  2 00:00:00 2013","","","Planet of the Apes","Feature Film","Tim Burton","7","5.7","119","2001","action, adventure, sci_fi, thriller","163017","2001-07-26","http://www.imdb.com/title/tt0133152/"
"439","tt1412386","Thu May  2 00:00:00 2013","","","The Best Exotic Marigold Hotel","Feature Film","John Madden","5","7.3","124","2011","comedy, drama","59107","2011-11-30","http://www.imdb.com/title/tt1412386/"
"440","tt0311429","Thu May  2 00:00:00 2013","","","The League of Extraordinary Gentlemen","Feature Film","Stephen Norrington","6","5.8","110","2003","action, adventure, fantasy, sci_fi","126664","2003-07-11","http://www.imdb.com/title/tt0311429/"
"441","tt0230011","Thu May  2 00:00:00 2013","","","Atlantis: The Lost Empire","Feature Film","Gary Trousdale, Kirk Wise","4","6.7","95","2001","animation, adventure, family, sci_fi","58326","2001-06-02","http://www.imdb.com/title/tt0230011/"
"442","tt0443680","Thu May  2 00:00:00 2013","","","The Assassination of Jesse James by the Coward Robert Ford","Feature Film","Andrew Dominik","7","7.6","160","2007","biography, crime, drama, history, western","122641","2007-09-02","http://www.imdb.com/title/tt0443680/"
"443","tt0120746","Thu May  2 00:00:00 2013","","","The Mask of Zorro","Feature Film","Martin Campbell","6","6.7","136","1998","action, adventure, comedy, romance, thriller, western","118143","1998-07-17","http://www.imdb.com/title/tt0120746/"
"444","tt0338337","Thu May  2 00:00:00 2013","","","Paycheck","Feature Film","John Woo","7","6.3","119","2003","action, mystery, sci_fi, thriller","82706","2003-12-25","http://www.imdb.com/title/tt0338337/"
"445","tt0106950","Wed May  1 00:00:00 2013","","","Fortress","Feature Film","Stuart Gordon","7","5.8","95","1992","action, crime, sci_fi, thriller","21711","1992-12-18","http://www.imdb.com/title/tt0106950/"
"446","tt0120696","Tue Apr 30 00:00:00 2013","","","Hard Rain","Feature Film","Mikael Salomon","6","5.8","97","1998","action, crime, drama, thriller","24586","1998-01-16","http://www.imdb.com/title/tt0120696/"
"447","tt0085407","Sun Apr 28 00:00:00 2013","","","The Dead Zone","Feature Film","David Cronenberg","6","7.3","103","1983","horror, sci_fi, thriller","38325","1983-10-21","http://www.imdb.com/title/tt0085407/"
"448","tt2243973","Sun Apr 28 00:00:00 2013","","","Hannibal","TV Series","","6","8.6","44","2013","crime, drama, horror, thriller","107570","2013-04-04","http://www.imdb.com/title/tt2243973/"
"449","tt0099785","Sun Apr 28 00:00:00 2013","","","Home Alone","Feature Film","Chris Columbus","7","7.4","103","1990","comedy, family","250426","1990-11-10","http://www.imdb.com/title/tt0099785/"
"450","tt0104431","Sun Apr 28 00:00:00 2013","","","Home Alone 2: Lost in New York","Feature Film","Chris Columbus","7","6.5","120","1992","adventure, comedy, family","156727","1992-11-15","http://www.imdb.com/title/tt0104431/"
"451","tt0117731","Sat Apr 27 00:00:00 2013","","","Star Trek: First Contact","Feature Film","Jonathan Frakes","8","7.6","111","1996","action, adventure, sci_fi, thriller","89144","1996-11-18","http://www.imdb.com/title/tt0117731/"
"452","tt1659337","Sat Apr 27 00:00:00 2013","","","The Perks of Being a Wallflower","Feature Film","Stephen Chbosky","7","8.1","102","2012","drama, romance","284593","2012-09-08","http://www.imdb.com/title/tt1659337/"
"453","tt0458352","Sat Apr 27 00:00:00 2013","","","The Devil Wears Prada","Feature Film","David Frankel","7","6.8","109","2006","comedy, drama, romance","234385","2006-06-29","http://www.imdb.com/title/tt0458352/"
"454","tt0081398","Sat Apr 27 00:00:00 2013","","","Raging Bull","Feature Film","Martin Scorsese","4","8.3","129","1980","biography, drama, sport","197135","1980-11-14","http://www.imdb.com/title/tt0081398/"
"455","tt0114787","Fri Apr 26 00:00:00 2013","","","Underground","Feature Film","Emir Kusturica","6","8.2","170","1995","comedy, drama, war","36287","1995-04-01","http://www.imdb.com/title/tt0114787/"
"456","tt0036775","Thu Apr 25 00:00:00 2013","","","Double Indemnity","Feature Film","Billy Wilder","4","8.4","107","1944","crime, drama, film_noir, thriller","81136","1944-04-24","http://www.imdb.com/title/tt0036775/"
"457","tt0077416","Thu Apr 25 00:00:00 2013","","","The Deer Hunter","Feature Film","Michael Cimino","3","8.2","182","1978","drama, war","197332","1978-12-08","http://www.imdb.com/title/tt0077416/"
"458","tt1801096","Tue Apr 23 00:00:00 2013","","","Sexy Evil Genius","Video","Shawn Piller","4","5.7","91","2013","comedy, drama, mystery, thriller","2751","2013-04-09","http://www.imdb.com/title/tt1801096/"
"460","tt0047396","Mon Apr 22 00:00:00 2013","","","Rear Window","Feature Film","Alfred Hitchcock","7","8.6","112","1954","mystery, thriller","262185","1954-08-04","http://www.imdb.com/title/tt0047396/"
"462","tt0369702","Sun Apr 21 00:00:00 2013","","","The Sea Inside","Feature Film","Alejandro Amenábar","5","8.1","125","2004","biography, drama, romance","57695","2004-09-03","http://www.imdb.com/title/tt0369702/"
"463","tt1313104","Sun Apr 21 00:00:00 2013","","","The Cove","Documentary","Louie Psihoyos","6","8.5","92","2009","documentary, crime","36057","2009-04-25","http://www.imdb.com/title/tt1313104/"
"464","tt0265666","Sun Apr 21 00:00:00 2013","","","The Royal Tenenbaums","Feature Film","Wes Anderson","7","7.6","110","2001","comedy, drama","181678","2001-10-05","http://www.imdb.com/title/tt0265666/"
"465","tt2306745","Thu Apr 18 00:00:00 2013","","","Sound City","Documentary","David Grohl","5","7.8","107","2013","documentary, music","8518","2013-01-18","http://www.imdb.com/title/tt2306745/"
"466","tt0264616","Thu Apr 18 00:00:00 2013","","","Frailty","Feature Film","Bill Paxton","7","7.3","100","2001","crime, drama, thriller","52454","2001-11-17","http://www.imdb.com/title/tt0264616/"
"467","tt0301357","Sun Apr 14 00:00:00 2013","","","Good Bye Lenin!","Feature Film","Wolfgang Becker","5","7.8","121","2003","comedy, drama, romance","102338","2003-02-09","http://www.imdb.com/title/tt0301357/"
"468","tt0314331","Sun Apr 14 00:00:00 2013","","","Love Actually","Feature Film","Richard Curtis","7","7.7","135","2003","comedy, drama, romance","277496","2003-09-07","http://www.imdb.com/title/tt0314331/"
"469","tt2240991","Sat Apr 13 00:00:00 2013","","","A Touch of Cloth","TV Series","","7","8.0","","2012","action, comedy","2041","2012-08-26","http://www.imdb.com/title/tt2240991/"
"470","tt2388725","Sat Apr 13 00:00:00 2013","","","Paperman","Short Film","John Kahrs","7","8.3","7","2012","animation, comedy, family, romance","20426","2012-11-02","http://www.imdb.com/title/tt2388725/"
"471","tt0309698","Sat Apr 13 00:00:00 2013","","","Identity","Feature Film","James Mangold","6","7.3","90","2003","mystery, thriller","155369","2003-04-25","http://www.imdb.com/title/tt0309698/"
"472","tt1600524","Fri Apr 12 00:00:00 2013","","","Heartbeats","Feature Film","Xavier Dolan","4","7.1","101","2010","drama, romance","13216","2010-05-16","http://www.imdb.com/title/tt1600524/"
"473","tt0109707","Thu Apr 11 00:00:00 2013","","","Ed Wood","Feature Film","Tim Burton","6","7.9","127","1994","biography, comedy, drama","131065","1994-09-23","http://www.imdb.com/title/tt0109707/"
"474","tt1039960","Wed Apr 10 00:00:00 2013","","","Estomago: A Gastronomic Story","Feature Film","Marcos Jorge","6","7.7","113","2007","drama","3269","2007-09-26","http://www.imdb.com/title/tt1039960/"
"475","tt0082340","Tue Apr  9 00:00:00 2013","","","Escape from New York","Feature Film","John Carpenter","4","7.2","99","1981","action, sci_fi","76853","1981-05-23","http://www.imdb.com/title/tt0082340/"
"476","tt0137363","Mon Apr  8 00:00:00 2013","","","Arlington Road","Feature Film","Mark Pellington","5","7.2","117","1999","mystery, thriller","65156","1999-03-19","http://www.imdb.com/title/tt0137363/"
"477","tt2180271","Fri Apr  5 00:00:00 2013","","","Äkta människor","TV Series","","5","8.0","60","2012","drama, sci_fi, thriller","3365","2012-01-22","http://www.imdb.com/title/tt2180271/"
"478","tt2193021","Thu Apr  4 00:00:00 2013","","","Arrow","TV Series","","4","8.2","42","2012","action, adventure, crime, drama, mystery, sci_fi","198335","2012-10-10","http://www.imdb.com/title/tt2193021/"
"479","tt1226273","Mon Apr  1 00:00:00 2013","","","Edge of Darkness","Feature Film","Martin Campbell","6","6.6","117","2010","crime, drama, mystery, thriller","68195","2010-01-28","http://www.imdb.com/title/tt1226273/"
"480","tt2327453","Thu Mar 28 00:00:00 2013","","","Offline","Feature Film","Peter Monsaert","6","7.1","","2012","drama","471","2012-11-14","http://www.imdb.com/title/tt2327453/"
"481","tt1424432","Mon Mar 25 00:00:00 2013","","","Senna","Documentary","Asif Kapadia","6","8.6","106","2010","documentary, biography, sport","39308","2010-10-07","http://www.imdb.com/title/tt1424432/"
"482","tt0993842","Sat Mar 23 00:00:00 2013","","","Hanna","Feature Film","Joe Wright","6","6.8","111","2011","action, adventure, thriller","143606","2011-04-07","http://www.imdb.com/title/tt0993842/"
"483","tt0117381","Mon Mar 18 00:00:00 2013","","","Primal Fear","Feature Film","Gregory Hoblit","7","7.7","129","1996","crime, drama, mystery, thriller","112840","1996-04-03","http://www.imdb.com/title/tt0117381/"
"484","tt1185834","Sun Mar 17 00:00:00 2013","","","Star Wars: The Clone Wars","Feature Film","Dave Filoni","7","5.8","98","2008","animation, action, adventure, fantasy, sci_fi, thriller","34835","2008-08-10","http://www.imdb.com/title/tt1185834/"
"485","tt0286106","Sun Mar 17 00:00:00 2013","","","Signs","Feature Film","M. Night Shyamalan","7","6.7","106","2002","drama, sci_fi, thriller","242865","2002-07-29","http://www.imdb.com/title/tt0286106/"
"486","tt0106519","Sun Mar 17 00:00:00 2013","","","Carlito's Way","Feature Film","Brian De Palma","6","7.9","144","1993","crime, drama","146218","1993-11-12","http://www.imdb.com/title/tt0106519/"
"487","tt0390521","Sat Mar 16 00:00:00 2013","","","Super Size Me","Documentary","Morgan Spurlock","7","7.3","100","2004","documentary, comedy, drama","73989","2004-01-17","http://www.imdb.com/title/tt0390521/"
"488","tt0443272","Sat Mar 16 00:00:00 2013","","","Lincoln","Feature Film","Steven Spielberg","5","7.4","150","2012","biography, drama, history, war","171308","2012-10-08","http://www.imdb.com/title/tt0443272/"
"489","tt0347149","Wed Mar 13 00:00:00 2013","","","Howl's Moving Castle","Feature Film","Hayao Miyazaki","7","8.2","119","2004","animation, adventure, family, fantasy","165438","2004-09-05","http://www.imdb.com/title/tt0347149/"
"490","tt1286537","Wed Mar  6 00:00:00 2013","","","Food, Inc.","Documentary","Robert Kenner","8","7.9","94","2008","documentary","36773","2008-09-07","http://www.imdb.com/title/tt1286537/"
"491","tt1790885","Wed Mar  6 00:00:00 2013","","","Zero Dark Thirty","Feature Film","Kathryn Bigelow","3","7.4","157","2012","drama, history, thriller","187572","2012-12-19","http://www.imdb.com/title/tt1790885/"
"492","tt0487928","Tue Mar  5 00:00:00 2013","","","Dante 01","Feature Film","Marc Caro","7","4.9","82","2008","sci_fi, thriller","4725","2008-01-02","http://www.imdb.com/title/tt0487928/"
"493","tt0077745","Tue Mar  5 00:00:00 2013","","","Invasion of the Body Snatchers","Feature Film","Philip Kaufman","6","7.4","115","1978","horror, sci_fi","31539","1978-12-20","http://www.imdb.com/title/tt0077745/"
"494","tt0800022","Tue Mar  5 00:00:00 2013","","","Daft Punk's Electroma","Feature Film","Thomas Bangalter, Guy-Manuel De Homem-Christo","4","7.1","74","2006","drama, sci_fi","2960","2006-05-21","http://www.imdb.com/title/tt0800022/"
"495","tt0093773","Tue Mar  5 00:00:00 2013","","","Predator","Feature Film","John McTiernan","7","7.8","107","1987","action, sci_fi, thriller","251689","1987-06-12","http://www.imdb.com/title/tt0093773/"
"496","tt0099871","Tue Mar  5 00:00:00 2013","","","Jacob's Ladder","Feature Film","Adrian Lyne","4","7.6","113","1990","drama, horror, mystery","66953","1990-11-02","http://www.imdb.com/title/tt0099871/"
"497","tt0038650","Mon Mar  4 00:00:00 2013","","","It's a Wonderful Life","Feature Film","Frank Capra","6","8.7","130","1946","drama, family, fantasy","227374","1946-12-20","http://www.imdb.com/title/tt0038650/"
"498","tt1483797","Sun Mar  3 00:00:00 2013","","","Redline","Feature Film","Takeshi Koike","5","7.5","102","2009","animation, action, sci_fi, sport","4400","2009-08-14","http://www.imdb.com/title/tt1483797/"
"499","tt0073341","Sun Mar  3 00:00:00 2013","","","The Man Who Would Be King","Feature Film","John Huston","7","7.9","129","1975","action, adventure","32520","1975-12-17","http://www.imdb.com/title/tt0073341/"
"500","tt0250258","Sun Mar  3 00:00:00 2013","","","The Experiment","Feature Film","Oliver Hirschbiegel","6","7.8","120","2001","drama, thriller","70205","2001-03-07","http://www.imdb.com/title/tt0250258/"
"501","tt1319690","Sun Mar  3 00:00:00 2013","","","Defying Gravity","TV Series","","3","7.3","60","2009","drama, sci_fi","8497","2009-08-02","http://www.imdb.com/title/tt1319690/"
"502","tt0489049","Sun Mar  3 00:00:00 2013","","","Fanboys","Feature Film","Kyle Newman","6","6.6","90","2009","adventure, comedy, drama","46234","2009-02-06","http://www.imdb.com/title/tt0489049/"
"503","tt0119167","Sun Mar  3 00:00:00 2013","","","Funny Games","Feature Film","Michael Haneke","3","7.6","108","1997","crime, drama, thriller","37063","1997-05-14","http://www.imdb.com/title/tt0119167/"
"504","tt0310793","Sun Mar  3 00:00:00 2013","","","Bowling for Columbine","Documentary","Michael Moore","5","8.0","120","2002","documentary","112746","2002-05-15","http://www.imdb.com/title/tt0310793/"
"505","tt0118884","Sun Mar  3 00:00:00 2013","","","Contact","Feature Film","Robert Zemeckis","7","7.4","150","1997","drama, mystery, sci_fi, thriller","172615","1997-07-11","http://www.imdb.com/title/tt0118884/"
"506","tt0096438","Sun Mar  3 00:00:00 2013","","","Who Framed Roger Rabbit","Feature Film","Robert Zemeckis","6","7.7","104","1988","animation, comedy, crime, family, fantasy","117864","1988-06-21","http://www.imdb.com/title/tt0096438/"
"507","tt0112864","Sun Mar  3 00:00:00 2013","","","Die Hard: With a Vengeance","Feature Film","John McTiernan","6","7.6","131","1995","action, adventure, thriller","260612","1995-05-15","http://www.imdb.com/title/tt0112864/"
"508","tt0186151","Sun Mar  3 00:00:00 2013","","","Frequency","Feature Film","Gregory Hoblit","7","7.3","118","2000","crime, drama, sci_fi, thriller","72719","2000-04-28","http://www.imdb.com/title/tt0186151/"
"509","tt0368008","Sun Mar  3 00:00:00 2013","","","The Manchurian Candidate","Feature Film","Jonathan Demme","4","6.6","129","2004","drama, mystery, sci_fi, thriller","79318","2004-07-22","http://www.imdb.com/title/tt0368008/"
"510","tt0130827","Sun Mar  3 00:00:00 2013","","","Run Lola Run","Feature Film","Tom Tykwer","7","7.8","81","1998","action, crime, thriller","148467","1998-08-20","http://www.imdb.com/title/tt0130827/"
"511","tt0454876","Thu Feb 28 00:00:00 2013","","","Life of Pi","Feature Film","Ang Lee","7","8.0","127","2012","adventure, drama","352992","2012-09-28","http://www.imdb.com/title/tt0454876/"
"512","tt1783232","Mon Feb 25 00:00:00 2013","","","Conquest 1453","Feature Film","Faruk Aksoy","6","7.5","162","2012","action, adventure, drama, history, war","44486","2012-02-16","http://www.imdb.com/title/tt1783232/"
"513","tt1704292","Mon Feb 25 00:00:00 2013","","","Battlestar Galactica: Blood & Chrome","TV Movie","Jonas Pate","7","7.1","94","2012","action, sci_fi","11085","2012-11-09","http://www.imdb.com/title/tt1704292/"
"514","tt0353014","Thu Feb 21 00:00:00 2013","","","Wonderful Days","Feature Film","Moon-saeng Kim","7","6.8","86","2003","action, fantasy, animation, sci_fi","7584","2003-04-26","http://www.imdb.com/title/tt0353014/"
"515","tt0183505","Thu Feb 21 00:00:00 2013","","","Me, Myself & Irene","Feature Film","Bobby Farrelly, Peter Farrelly","5","6.5","116","2000","comedy","164658","2000-06-15","http://www.imdb.com/title/tt0183505/"
"516","tt0099653","Wed Feb 20 00:00:00 2013","","","Ghost","Feature Film","Jerry Zucker","7","7.0","127","1990","drama, fantasy, romance, thriller","136075","1990-07-13","http://www.imdb.com/title/tt0099653/"
"517","tt0421073","Mon Feb 18 00:00:00 2013","","","Street Kings","Feature Film","David Ayer","7","6.8","109","2008","action, crime, drama, thriller","87954","2008-04-03","http://www.imdb.com/title/tt0421073/"
"518","tt1374992","Mon Feb 18 00:00:00 2013","","","Upside Down","Feature Film","Juan Solanas","5","6.4","114","2012","drama, fantasy, romance, sci_fi","49786","2012-08-22","http://www.imdb.com/title/tt1374992/"
"519","tt2186715","Sun Feb 17 00:00:00 2013","","","Cold War","Feature Film","Longmond Leung, Sunny Luk","3","6.7","102","2012","action, crime, mystery","2152","2012-10-02","http://www.imdb.com/title/tt2186715/"
"520","tt1629705","Sun Feb 17 00:00:00 2013","","","Blackthorn","Feature Film","Mateo Gil","7","6.6","102","2011","action, adventure, western","6225","2011-04-01","http://www.imdb.com/title/tt1629705/"
"521","tt1560747","Sat Feb 16 00:00:00 2013","","","The Master","Feature Film","Paul Thomas Anderson","6","7.1","144","2012","drama","85399","2012-09-01","http://www.imdb.com/title/tt1560747/"
"522","tt0119008","Sat Feb 16 00:00:00 2013","","","Donnie Brasco","Feature Film","Mike Newell","7","7.8","127","1997","biography, crime, drama, thriller","200052","1997-02-28","http://www.imdb.com/title/tt0119008/"
"523","tt1649419","Fri Feb 15 00:00:00 2013","","","The Impossible","Feature Film","J.A. Bayona","4","7.6","114","2012","drama, thriller","124440","2012-09-09","http://www.imdb.com/title/tt1649419/"
"524","tt2608732","Wed Feb 13 00:00:00 2013","","","TPB AFK: The Pirate Bay Away from Keyboard","Documentary","Simon Klose","7","7.6","85","2013","documentary","10316","2013-02-08","http://www.imdb.com/title/tt2608732/"
"525","tt1772341","Wed Feb 13 00:00:00 2013","","","Wreck-It Ralph","Feature Film","Rich Moore","6","7.8","101","2012","animation, adventure, comedy, family","211790","2012-11-01","http://www.imdb.com/title/tt1772341/"
"526","tt1045658","Thu Feb  7 00:00:00 2013","","","Silver Linings Playbook","Feature Film","David O. Russell","7","7.8","122","2012","comedy, drama, romance","440582","2012-09-08","http://www.imdb.com/title/tt1045658/"
"527","tt0259393","Wed Feb  6 00:00:00 2013","","","Lantana","Feature Film","Ray Lawrence","3","7.4","121","2001","drama, mystery","15516","2001-06-08","http://www.imdb.com/title/tt0259393/"
"528","tt1827487","Tue Feb  5 00:00:00 2013","","","Once Upon a Time in Anatolia","Feature Film","Nuri Bilge Ceylan","4","7.8","157","2011","crime, drama","22259","2011-05-21","http://www.imdb.com/title/tt1827487/"
"529","tt1853728","Tue Feb  5 00:00:00 2013","","","Django Unchained","Feature Film","Quentin Tarantino","9","8.5","165","2012","western","722363","2012-12-25","http://www.imdb.com/title/tt1853728/"
"530","tt2081437","Fri Feb  1 00:00:00 2013","","","The Liability","Feature Film","Craig Viveiros","6","5.9","82","2012","comedy, crime, thriller","5530","2012-11-24","http://www.imdb.com/title/tt2081437/"
"531","tt1990314","Wed Jan 30 00:00:00 2013","","","Robot & Frank","Feature Film","Jake Schreier","7","7.1","89","2012","comedy, crime, drama, sci_fi","46056","2012-01-20","http://www.imdb.com/title/tt1990314/"
"532","tt1306980","Tue Jan 29 00:00:00 2013","","","50/50","Feature Film","Jonathan Levine","7","7.7","100","2011","comedy, drama","239063","2011-09-12","http://www.imdb.com/title/tt1306980/"
"533","tt1727587","Mon Jan 28 00:00:00 2013","","","Sintel","Short Film","Colin Levy","7","7.6","14","2010","animation, fantasy","2533","2010-09-27","http://www.imdb.com/title/tt1727587/"
"534","tt0964185","Thu Jan 24 00:00:00 2013","","","Tetro","Feature Film","Francis Ford Coppola","6","6.9","127","2009","drama","9867","2009-05-14","http://www.imdb.com/title/tt0964185/"
"535","tt0138704","Sat Jan 19 00:00:00 2013","","","Pi","Feature Film","Darren Aronofsky","7","7.5","84","1998","drama, thriller","128841","1998-01","http://www.imdb.com/title/tt0138704/"
"536","tt0060107","Fri Jan 18 00:00:00 2013","","","Andrei Rublev","Feature Film","Andrey Tarkovskiy","4","8.3","205","1966","biography, drama, history","20073","1966-12","http://www.imdb.com/title/tt0060107/"
"537","tt0770802","Fri Jan 18 00:00:00 2013","","","Samsara","Documentary","Ron Fricke","6","8.4","102","2011","documentary, music","15921","2011-09-16","http://www.imdb.com/title/tt0770802/"
"538","tt1073241","Fri Jan 18 00:00:00 2013","","","Nothing But the Truth","Feature Film","Rod Lurie","6","7.2","108","2008","drama, thriller","27680","2008-09-08","http://www.imdb.com/title/tt1073241/"
"539","tt1371111","Fri Jan 18 00:00:00 2013","","","Cloud Atlas","Feature Film","Tom Tykwer, Andy Wachowski","8","7.5","172","2012","drama, sci_fi","247823","2012-09-08","http://www.imdb.com/title/tt1371111/"
"540","tt1465522","Fri Jan 18 00:00:00 2013","","","Tucker and Dale vs. Evil","Feature Film","Eli Craig","8","7.6","89","2010","comedy, horror","107448","2010-01-22","http://www.imdb.com/title/tt1465522/"
"541","tt0417791","Sun Jan 13 00:00:00 2013","","","Inside I'm Dancing","Feature Film","Damien O'Donnell","7","7.9","104","2004","comedy, drama","10067","2004-10-10","http://www.imdb.com/title/tt0417791/"
"542","tt0069293","Sat Jan 12 00:00:00 2013","","","Solaris","Feature Film","Andrey Tarkovskiy","7","8.1","167","1972","drama, sci_fi","43387","1972-03-20","http://www.imdb.com/title/tt0069293/"
"543","tt0903624","Sat Jan 12 00:00:00 2013","","","The Hobbit: An Unexpected Journey","Feature Film","Peter Jackson","8","8.0","169","2012","adventure, fantasy","534037","2012-11-28","http://www.imdb.com/title/tt0903624/"
"544","tt1024648","Sat Jan 12 00:00:00 2013","","","Argo","Feature Film","Ben Affleck","6","7.8","120","2012","drama, thriller","371587","2012-08-31","http://www.imdb.com/title/tt1024648/"
"545","tt1692486","Sat Jan 12 00:00:00 2013","","","Carnage","Feature Film","Roman Polanski","4","7.2","80","2011","comedy, drama","84149","2011-09-01","http://www.imdb.com/title/tt1692486/"
"546","tt0103767","Sun Dec 30 00:00:00 2012","","","Baraka","Documentary","Ron Fricke","7","8.6","96","1992","documentary, war","23617","1992-09-15","http://www.imdb.com/title/tt0103767/"
"547","tt1796960","Sun Dec 30 00:00:00 2012","","","Homeland","TV Series","","5","8.5","55","2011","drama, mystery, thriller","175774","2011-10-02","http://www.imdb.com/title/tt1796960/"
"548","tt2078586","Fri Dec 28 00:00:00 2012","","","Of Snails and Men","Feature Film","Tudor Giurgiu","6","7.3","93","2012","comedy","1356","2012-09-14","http://www.imdb.com/title/tt2078586/"
"549","tt0243759","Thu Dec 27 00:00:00 2012","","","The American Astronaut","Feature Film","Cory McAbee","5","7.2","91","2001","musical, comedy, sci_fi","2371","2001-01-20","http://www.imdb.com/title/tt0243759/"
"550","tt1397280","Thu Dec 27 00:00:00 2012","","","Taken 2","Feature Film","Olivier Megaton","6","6.3","92","2012","action, thriller","189930","2012-09-07","http://www.imdb.com/title/tt1397280/"
"551","tt1343727","Thu Dec 27 00:00:00 2012","","","Dredd","Feature Film","Pete Travis","6","7.0","95","2012","action, sci_fi","174623","2012-07-11","http://www.imdb.com/title/tt1343727/"
"552","tt1862079","Thu Dec 27 00:00:00 2012","","","Safety Not Guaranteed","Feature Film","Colin Trevorrow","7","7.0","86","2012","comedy, drama, romance","86704","2012-01-22","http://www.imdb.com/title/tt1862079/"
"553","tt1764183","Thu Dec 27 00:00:00 2012","","","Arbitrage","Feature Film","Nicholas Jarecki","5","6.6","107","2012","drama, thriller","36887","2012-01-21","http://www.imdb.com/title/tt1764183/"
"554","tt0090967","Wed Dec 26 00:00:00 2012","","","Down by Law","Feature Film","Jim Jarmusch","4","7.9","107","1986","comedy, crime, drama","31707","1986-05","http://www.imdb.com/title/tt0090967/"
"555","tt0851578","Wed Dec 26 00:00:00 2012","","","Papurika","Feature Film","Satoshi Kon","5","7.7","90","2006","animation, mystery, sci_fi, thriller","34927","2006-09-02","http://www.imdb.com/title/tt0851578/"
"556","tt1547234","Wed Dec 26 00:00:00 2012","","","Premium Rush","Feature Film","David Koepp","6","6.5","91","2012","action, crime, thriller","84870","2012-08-23","http://www.imdb.com/title/tt1547234/"
"557","tt1142977","Wed Dec 26 00:00:00 2012","","","Frankenweenie","Feature Film","Tim Burton","6","7.0","87","2012","animation, comedy, family, horror, sci_fi","62121","2012-09-20","http://www.imdb.com/title/tt1142977/"
"558","tt1748122","Tue Dec 25 00:00:00 2012","","","Moonrise Kingdom","Feature Film","Wes Anderson","7","7.8","94","2012","adventure, comedy, drama, romance","198723","2012-05-16","http://www.imdb.com/title/tt1748122/"
"559","tt1124373","Thu Dec 20 00:00:00 2012","","","Sons of Anarchy","TV Series","","6","8.7","45","2008","crime, drama, thriller","136179","2008-09-03","http://www.imdb.com/title/tt1124373/"
"560","tt0071249","Tue Dec 18 00:00:00 2012","","","Bring Me the Head of Alfredo Garcia","Feature Film","Sam Peckinpah","5","7.6","112","1974","action, crime, drama, thriller, western","11784","1974-08-14","http://www.imdb.com/title/tt0071249/"
"562","tt0073076","Mon Dec 17 00:00:00 2012","","","Grey Gardens","Documentary","Ellen Hovde, Albert Maysles","2","7.7","100","1975","documentary","6288","1975-09-27","http://www.imdb.com/title/tt0073076/"
"563","tt0078908","Mon Dec 17 00:00:00 2012","","","The Brood","Feature Film","David Cronenberg","5","6.9","92","1979","horror, sci_fi","15152","1979-05-25","http://www.imdb.com/title/tt0078908/"
"564","tt0059170","Mon Dec 17 00:00:00 2012","","","Faster, Pussycat! Kill! Kill!","Feature Film","Russ Meyer","5","6.8","83","1965","action, comedy","9392","1965-08-06","http://www.imdb.com/title/tt0059170/"
"565","tt1565958","Sun Dec 16 00:00:00 2012","","","Romantics Anonymous","Feature Film","Jean-Pierre Améris","7","6.9","80","2010","comedy, romance","6486","2010-11-09","http://www.imdb.com/title/tt1565958/"
"566","tt1925431","Thu Dec 13 00:00:00 2012","","","Fire with Fire","Feature Film","David Barrett","4","5.7","97","2012","action, crime, drama, thriller","17934","2012-08-31","http://www.imdb.com/title/tt1925431/"
"567","tt0109445","Wed Dec 12 00:00:00 2012","","","Clerks.","Feature Film","Kevin Smith","6","7.9","92","1994","comedy","164775","1994-01","http://www.imdb.com/title/tt0109445/"
"568","tt0064276","Wed Dec 12 00:00:00 2012","","","Easy Rider","Feature Film","Dennis Hopper","4","7.4","95","1969","drama","66312","1969-05-08","http://www.imdb.com/title/tt0064276/"
"569","tt1772408","Mon Dec 10 00:00:00 2012","","","Trade of Innocents","Feature Film","Christopher Bessette","5","5.3","88","2012","drama, thriller","681","2012-09-28","http://www.imdb.com/title/tt1772408/"
"570","tt0053472","Mon Dec 10 00:00:00 2012","","","Breathless","Feature Film","Jean-Luc Godard","5","8.0","90","1960","crime, drama, romance","43974","1960-03-16","http://www.imdb.com/title/tt0053472/"
"571","tt1460739","Sun Dec  9 00:00:00 2012","","","Better This World","Documentary","Kelly Duane de la Vega, Katie Galloway","5","7.3","82","2011","documentary","327","2011-04-23","http://www.imdb.com/title/tt1460739/"
"572","tt1656186","Thu Dec  6 00:00:00 2012","","","Stolen","Feature Film","Simon West","6","5.5","96","2012","action, crime, drama, thriller","32245","2012-09-06","http://www.imdb.com/title/tt1656186/"
"573","tt1194173","Wed Dec  5 00:00:00 2012","","","The Bourne Legacy","Feature Film","Tony Gilroy","8","6.7","135","2012","action, adventure, mystery, thriller","194308","2012-07-30","http://www.imdb.com/title/tt1194173/"
"574","tt0110322","Thu Nov 29 00:00:00 2012","","","Legends of the Fall","Feature Film","Edward Zwick","7","7.5","133","1994","drama, romance, war, western","95759","1994-12-23","http://www.imdb.com/title/tt0110322/"
"575","tt0075824","Wed Nov 28 00:00:00 2012","","","That Obscure Object of Desire","Feature Film","Luis Bunuel","2","8.0","102","1977","comedy, drama, romance","12695","1977-08-17","http://www.imdb.com/title/tt0075824/"
"576","tt0070155","Wed Nov 28 00:00:00 2012","","","The Harder They Come","Feature Film","Perry Henzell","3","7.1","103","1972","crime, drama, music","3658","1972","http://www.imdb.com/title/tt0070155/"
"1782","tt0390384","Sat Nov 17 00:00:00 2012","","","Primer","Feature Film","Shane Carruth","10","7.0","77","2004","drama, thriller, sci_fi","56846","2004-01-16","http://www.imdb.com/title/tt0390384/"
"1661","tt0378194","Sat Nov 17 00:00:00 2012","","","Kill Bill: Vol. 2","Feature Film","Quentin Tarantino","10","8.0","137","2004","action, crime, thriller","431662","2004-04-16","http://www.imdb.com/title/tt0378194/"
"1557","tt0266697","Sat Nov 17 00:00:00 2012","","","Kill Bill: Vol. 1","Feature Film","Quentin Tarantino","10","8.1","111","2003","action, crime","596388","2003-10-10","http://www.imdb.com/title/tt0266697/"